Workbook

Sheet Raw_Invoice_Data
A1: Invoice_ID | B1: Vendor | C1: Item_Description | D1: Quantity | E1: Unit_Price | F1: Tax_Rate | G1: Extracted_Total
A2: INV0001 | B2: Citywide Products | C2: Files | D2: 36 | E2: 25 | F2: 0.12 | G2: 1008
A3: INV0002 | B3: Brightline Distributors | C3: Whiteboard | D3: 5 | E3: 1800 | F3: 0.18 | G3: 10620
A4: INV0003 | B4: Apex Business Solutions | C4: Files | D4: 40 | E4: 25 | F4: 0.12 | G4: 1120
A5: INV0004 | B5: Global Tech | C5: Staplers | D5: 33 | E5: 150 | F5: 0.12 | G5: 5544
A6: INV0005 | B6: Global Tech | C6: Headphones | D6: 30 | E6: 1200 | F6: 0.18 | G6: 42480
A7: INV0006 | B7: XYZ Supplies | C7: Desk | D7: 14 | E7: 5000 | F7: 0.18 | G7: 82600
A8: INV0007 | B8: Prime Office | C8: Printer Paper | D8: 30 | E8: 300 | F8: 0.18 | G8: 11120
A9: INV0008 | B9: Brightline Distributors | C9: Files | D9: 32 | E9: 25 | F9: 0.12 | G9: 896
A10: INV0009 | B10: Brightline Distributors | C10: Mouse | D10: 42 | E10: 500 | F10: 0.18 | G10: 24780
B11: Northstar Supplies | C11: Desk Lamp | D11: 15 | E11: 900 | F11: 0.18 | G11: 15930
A12: INV0011 | B12: XYZ Supplies | C12: Desk Lamp | D12: 31 | E12: 900 | F12: 0.18 | G12: 32922
A13: INV0012 | B13: Metro Wholesale | C13: Files | D13: 9 | E13: 25 | F13: 0.12 | G13: 252
A14: INV0013 | C14: Headphones | D14: 44 | E14: 1200 | F14: 0.18 | G14: 62304
A15: INV0014 | B15: Metro Wholesale | C15: Folders | D15: 26 | E15: 35 | F15: 0.12 | G15: 1019.2
A16: INV0015 | B16: Global Tech | C16: Desk Lamp | D16: 6 | E16: 900 | F16: 0.18 | G16: 6372
A17: INV0016 | B17: Northstar Supplies | C17: Desk Lamp | D17: 2 | E17: 900 | F17: 0.18 | G17: 2124
A18: INV0017 | B18: Evergreen Retail | C18: Files | D18: 36 | E18: 25 | F18: 0.12 | G18: 1008
A19: INV0018 | B19: XYZ Supplies | C19: USB Drive | D19: 3 | E19: 450 | F19: 0.18 | G19: 1593
A20: INV0019 | B20: Brightline Distributors | C20: USB Drive | D20: 2 | E20: 450 | F20: 0.18 | G20: 1312
A21: INV0020 | B21: Citywide Products | C21: Keyboards | D21: 4 | E21: 800 | F21: 0.18 | G21: 3776
A22: INV0021 | B22: Northstar Supplies | C22: Monitor | D22: 19 | E22: 6500 | F22: 0.18 | G22: 145730
A23: INV0022 | B23: XYZ Supplies | C23: Keyboards | D23: 27 | E23: 800 | F23: 0.18 | G23: 25488
A24: INV0023 | B24: Brightline Distributors | C24: Paper Clips | D24: 32 | E24: 60 | F24: 0.12 | G24: 2150.4
A25: INV0024 | B25: Prime Office | C25: Printer Toner | D25: 0 | E25: 2200 | F25: 0.18 | G25: 88264
A26: INV0025 | B26: Metro Wholesale | C26: Monitor | D26: 46 | E26: 6500 | F26: 0.18 | G26: 352820
... A31: INV0030 | B31: Evergreen Retail | C31: Keyboards | D31: 45 | E31: 800 | F31: 0.18 | G31: 42480
B32: Prime Office | D32: 49 | E32: 25 | F32: 0.12 | G32: 1372
A33: INV0032 | B33: Apex Business Solutions | C33: Whiteboard | D33: 10 | E33: 1800 | F33: 0.18 | G33: 21240
A34: INV0033 | B34: XYZ Supplies | C34: Keyboards | D34: 21 | E34: 800 | F34: 0.18 | G34: 19824
A35: INV0034 | B35: Brightline Distributors | C35: Folders | D35: 6 | E35: 35 | F35: 0.12 | G35: 235.2
A36: INV0035 | B36: ABC Traders | C36: Extension Board | D36: 37 | E36: 550 | F36: 0.18 | G36: 24013
A37: INV0036 | B37: Brightline Distributors | C37: Whiteboard | D37: 5 | E37: 1800 | F37: 0.18 | G37: 10720
A38: INV0037 | B38: Metro Wholesale | C38: Headphones | D38: 7 | E38: 1200 | F38: 0.18 | G38: 9912
A39: INV0038 | B39: Metro Wholesale | C39: Keyboards | D39: 18 | E39: 800 | F39: 0.18 | G39: 16992
A40: INV0039 | B40: Evergreen Retail | C40: Files | D40: 29 | E40: 25 | F40: 0.12 | G40: 812
A41: INV0040 | B41: XYZ Supplies | C41: Calculator | D41: 22 | E41: 650 | F41: 0.18 | G41: 16874
A42: INV0041 | B42: Global Tech | C42: Pens | D42: 19 | E42: 10 | F42: 0.18 | G42: 224.2
A43: INV0042 | C43: Office Chairs | D43: 2 | E43: 2500 | F43: 0.18 | G43: 5900
A44: INV0043 | B44: Northstar Supplies | C44: Filing Cabinet | D44: 31 | E44: 7200 | F44: 0.18 | G44: 263376
A45: INV0044 | B45: Citywide Products | C45: Notebooks | D45: 23 | E45: 40 | F45: 0.12 | G45: 1030.4
A46: INV0045 | B46: Global Tech | C46: Desk | D46: 32 | E46: 5000 | F46: 0.18 | G46: 188800
A47: INV0046 | B47: Global Tech | C47: Extension Board | D47: 39 | E47: 550 | F47: 0.18 | G47: 25311
A48: INV0047 | B48: Apex Business Solutions | C48: Headphones | D48: 23 | E48: 1200 | F48: 0.18 | G48: 32618
A49: INV0048 | B49: Prime Office | C49: Staplers | D49: 24 | E49: 150 | F49: 0.12 | G49: 4032
A50: INV0049 | B50: Brightline Distributors | C50: Folders | D50: 27 | E50: 35 | F50: 0.12 | G50: 1058.4
A51: INV0050 | B51: ABC Traders | C51: Mouse | D51: 35 | E51: 500 | F51: 0.18 | G51: 20650
A52: INV0051 | B52: XYZ Supplies | C52: Files | D52: 11 | E52: 25 | F52: 0.12 | G52: 308
A53: INV0052 | B53: XYZ Supplies | C53: Keyboards | D53: 23 | E53: 800 | F53: 0.18 | G53: 21712
A54: INV0053 | B54: XYZ Supplies | C54: USB Drive | D54: 3 | E54: 450 | F54: 0.18 | G54: 1593
A55: INV0054 | B55: Evergreen Retail | C55: Files | D55: 45 | E55: 25 | F55: 0.12 | G55: 1260
... A72: INV0071 | B72: XYZ Supplies | C72: Filing Cabinet | D72: 30 | E72: 7200 | F72: 0.18 | G72: 254880
A73: INV0072 | B73: Brightline Distributors | D73: 48 | E73: 650 | F73: 0.18 | G73: 36816
A74: INV0073 | B74: XYZ Supplies | C74: Keyboards | D74: 32 | E74: 800 | F74: 0.18 | G74: 30208
A75: INV0074 | B75: Northstar Supplies | C75: Pens | D75: 18 | E75: 10 | F75: 0.18 | G75: 212.4
A76: INV0075 | B76: ABC Traders | C76: Mouse | D76: 24 | E76: 500 | F76: 0.18 | G76: 14160
A77: INV0076 | B77: Global Tech | C77: Extension Board | D77: 8 | E77: 550 | F77: 0.18 | G77: 5192
A78: INV0077 | B78: Global Tech | C78: Files | D78: 43 | E78: 25 | F78: 0.12 | G78: 1304
A79: INV0078 | B79: Prime Office | C79: Paper Clips | D79: 44 | E79: 60 | F79: 0.12 | G79: 2956.8
A80: INV0079 | B80: Global Tech | C80: Whiteboard | D80: 10 | E80: 1800 | F80: 0.18 | G80: 21240
A81: INV0080 | B81: ABC Traders | C81: Files | D81: 35 | E81: 25 | F81: 0.12 | G81: 980
A82: INV0081 | B82: Apex Business Solutions | C82: Mouse | D82: 8 | E82: 500 | F82: 0.18 | G82: 4720
A83: INV0082 | B83: Citywide Products | C83: Calculator | D83: 2 | E83: 650 | F83: 0.18 | G83: 1534
A84: INV0083 | C84: Calculator | D84: 10 | E84: 650 | F84: 0.18 | G84: 7670
A85: INV0084 | B85: Citywide Products | C85: Printer Toner | D85: 10 | E85: 2200 | F85: 0.18 | G85: 25960
A86: INV0085 | B86: XYZ Supplies | C86: Pens | D86: 4 | E86: 10 | F86: 0.18 | G86: 47.2
A87: INV0086 | B87: Evergreen Retail | C87: Filing Cabinet | D87: 38 | E87: 7200 | F87: 0.18 | G87: 322848
A88: INV0087 | B88: Citywide Products | C88: Filing Cabinet | D88: 7 | E88: 7200 | F88: 0.18 | G88: 59472
A89: INV0088 | B89: Metro Wholesale | C89: Folders | D89: 50 | E89: 35 | F89: 0.12 | G89: 2060
A90: INV0089 | B90: ABC Traders | C90: Pens | D90: 20 | E90: 10 | F90: 0.18 | G90: 236
A91: INV0090 | B91: Apex Business Solutions | C91: Notebooks | D91: 8 | E91: 40 | F91: 0.12 | G91: 358.4
A92: INV0091 | B92: Metro Wholesale | C92: Staplers | D92: 17 | E92: 150 | F92: 0.12 | G92: 2856
A93: INV0092 | B93: Prime Office | C93: Folders | D93: 43 | E93: 35 | F93: 0.12 | G93: 1685.6
A94: INV0093 | B94: Apex Business Solutions | C94: Folders | D94: 11 | E94: 35 | F94: 0.12 | G94: 431.2
A95: INV0094 | B95: Brightline Distributors | C95: Notebooks | D95: 17 | E95: 40 | F95: 0.12 | G95: 761.6
A96: INV0095 | B96: Metro Wholesale | C96: Folders | D96: 17 | E96: 35 | F96: 0.12 | G96: 666.4
... A112: INV0111 | B112: Northstar Supplies | C112: Keyboards | D112: 33 | E112: 800 | F112: 0.18 | G112: 31152
A113: INV0112 | B113: Northstar Supplies | D113: 48 | E113: 10 | F113: 0.18 | G113: 566.4
A114: INV0113 | B114: Prime Office | C114: Desk Lamp | D114: 46 | E114: 900 | F114: 0.18 | G114: 48852
A115: INV0114 | B115: Evergreen Retail | C115: Desk | D115: 25 | E115: 5000 | F115: 0.18 | G115: 147500
A116: INV0115 | B116: Global Tech | C116: Filing Cabinet | D116: 20 | E116: 7200 | F116: 0.18 | G116: 169920
A117: INV0116 | B117: Northstar Supplies | C117: Keyboards | D117: 50 | E117: 800 | F117: 0.18 | G117: 47200
A118: INV0117 | C118: Calculator | D118: 44 | E118: 650 | F118: 0.18 | G118: 33748
A119: INV0118 | B119: Evergreen Retail | C119: Staplers | D119: 16 | E119: 150 | F119: 0.12 | G119: 2688
A120: INV0119 | B120: Northstar Supplies | C120: Calculator | D120: 4 | E120: 650 | F120: 0.18 | G120: 3118
A121: INV0120 | B121: Apex Business Solutions | C121: Pens | D121: 47 | E121: 10 | F121: 0.18 | G121: 554.6
A122: INV0121 | B122: ABC Traders | C122: Printer Toner | D122: 20 | E122: 2200 | F122: 0.18 | G122: 51920
A123: INV0122 | B123: Evergreen Retail | C123: USB Drive | D123: 41 | E123: 450 | F123: 0.18 | G123: 21771
A124: INV0123 | B124: Metro Wholesale | C124: Keyboards | D124: 25 | E124: 800 | F124: 0.18 | G124: 23600
A125: INV0124 | B125: Evergreen Retail | C125: Mouse | D125: 10 | E125: 500 | F125: 0.18 | G125: 5900
A126: INV0125 | B126: Evergreen Retail | C126: Printer Paper | D126: 26 | E126: 300 | F126: 0.18 | G126: 9204
A127: INV0126 | B127: XYZ Supplies | C127: Filing Cabinet | D127: 50 | E127: 7200 | F127: 0.18 | G127: 424800
A128: INV0127 | B128: Evergreen Retail | C128: Pens | D128: 36 | E128: 10 | F128: 0.18 | G128: 424.8
A129: INV0128 | B129: ABC Traders | C129: Whiteboard | D129: 19 | E129: 1800 | F129: 0.18 | G129: 40356
A130: INV0129 | B130: Brightline Distributors | C130: Folders | D130: 12 | E130: 35 | F130: 0.12 | G130: 470.4
... A151: INV0150 | B151: ABC Traders | C151: Keyboards | D151: 19 | E151: 800 | F151: 0.18 | G151: 17936

Sheet tbl_invoices
A1: Invoice_ID | B1: Vendor | C1: Item_Description | D1: Quantity | E1: Unit_Price | F1: Tax_Rate | G1: Extracted_Total | H1: Subtotal | I1: Expected_Tax | J1: Expected_total | K1: Difference | L1: Verification_status | M1: Data_quality_status | N1: Duplicate_check | O1: Final QC status
A2: INV0001 | B2: Citywide Products | C2: Files | D2: 36 | E2: 25 | F2: 0.12 | G2: 1008 | H2: =D2*E2 -> 900 | I2: =H2*F2 -> 108 | J2: =H2+I2 -> 1008 | K2: =G2-J2 -> 0 | L2: =IF(K2=0,"Verified","Discrepancy") -> Verified | M2: =IF(OR(A2="",B2="",C2="",D2<=0,E2<=0),"Review Required","Complete") -> Complete | N2: =IF(A2="","Missing Invoice ID",IF(COUNTIF($A$2:$A$151,A2)>1,"Duplicate","Unique")) -> Unique | O2: =IF(OR(A2="",N2="Missing Invoice ID"),"Missing Invoice ID",IF(N2="Duplicate","Duplicate - Investigate",IF(M2="Review Required","Incomplete - Review",IF(L2="Discrepancy","Amount Mismatch","Passed QC")))) -> Passed QC
A3: INV0002 | B3: Brightline Distributors | C3: Whiteboard | D3: 5 | E3: 1800 | F3: 0.18 | G3: 10620 | H3: =D3*E3 -> 9000 | I3: =H3*F3 -> 1620 | J3: =H3+I3 -> 10620 | K3: =G3-J3 -> 0 | L3: =IF(K3=0,"Verified","Discrepancy") -> Verified | M3: =IF(OR(A3="",B3="",C3="",D3<=0,E3<=0),"Review Required","Complete") -> Complete | N3: =IF(A3="","Missing Invoice ID",IF(COUNTIF($A$2:$A$151,A3)>1,"Duplicate","Unique")) -> Unique | O3: =IF(OR(A3="",N3="Missing Invoice ID"),"Missing Invoice ID",IF(N3="Duplicate","Duplicate - Investigate",IF(M3="Review Required","Incomplete - Review",IF(L3="Discrepancy","Amount Mismatch","Passed QC")))) -> Passed QC
A4: INV0003 | B4: Apex Business Solutions | C4: Files | D4: 40 | E4: 25 | F4: 0.12 | G4: 1120 | H4: =D4*E4 -> 1000 | I4: =H4*F4 -> 120 | J4: =H4+I4 -> 1120 | K4: =G4-J4 -> 0 | L4: =IF(K4=0,"Verified","Discrepancy") -> Verified | M4: =IF(OR(A4="",B4="",C4="",D4<=0,E4<=0),"Review Required","Complete") -> Complete | N4: =IF(A4="","Missing Invoice ID",IF(COUNTIF($A$2:$A$151,A4)>1,"Duplicate","Unique")) -> Unique | O4: =IF(OR(A4="",N4="Missing Invoice ID"),"Missing Invoice ID",IF(N4="Duplicate","Duplicate - Investigate",IF(M4="Review Required","Incomplete - Review",IF(L4="Discrepancy","Amount Mismatch","Passed QC")))) -> Passed QC
A5: INV0004 | B5: Global Tech | C5: Staplers | D5: 33 | E5: 150 | F5: 0.12 | G5: 5544 | H5: =D5*E5 -> 4950 | I5: =H5*F5 -> 594 | J5: =H5+I5 -> 5544 | K5: =G5-J5 -> 0 | L5: =IF(K5=0,"Verified","Discrepancy") -> Verified | M5: =IF(OR(A5="",B5="",C5="",D5<=0,E5<=0),"Review Required","Complete") -> Complete | N5: =IF(A5="","Missing Invoice ID",IF(COUNTIF($A$2:$A$151,A5)>1,"Duplicate","Unique")) -> Unique | O5: =IF(OR(A5="",N5="Missing Invoice ID"),"Missing Invoice ID",IF(N5="Duplicate","Duplicate - Investigate",IF(M5="Review Required","Incomplete - Review",IF(L5="Discrepancy","Amount Mismatch","Passed QC")))) -> Passed QC
A6: INV0005 | B6: Global Tech | C6: Headphones | D6: 30 | E6: 1200 | F6: 0.18 | G6: 42480 | H6: =D6*E6 -> 36000 | I6: =H6*F6 -> 6480 | J6: =H6+I6 -> 42480 | K6: =G6-J6 -> 0 | L6: =IF(K6=0,"Verified","Discrepancy") -> Verified | M6: =IF(OR(A6="",B6="",C6="",D6<=0,E6<=0),"Review Required","Complete") -> Complete | N6: =IF(A6="","Missing Invoice ID",IF(COUNTIF($A$2:$A$151,A6)>1,"Duplicate","Unique")) -> Unique | O6: =IF(OR(A6="",N6="Missing Invoice ID"),"Missing Invoice ID",IF(N6="Duplicate","Duplicate - Investigate",IF(M6="Review Required","Incomplete - Review",IF(L6="Discrepancy","Amount Mismatch","Passed QC")))) -> Passed QC
A7: INV0006 | B7: XYZ Supplies | C7: Desk | D7: 14 | E7: 5000 | F7: 0.18 | G7: 82600 | H7: =D7*E7 -> 70000 | I7: =H7*F7 -> 12600 | J7: =H7+I7 -> 82600 | K7: =G7-J7 -> 0 | L7: =IF(K7=0,"Verified","Discrepancy") -> Verified | M7: =IF(OR(A7="",B7="",C7="",D7<=0,E7<=0),"Review Required","Complete") -> Complete | N7: =IF(A7="","Missing Invoice ID",IF(COUNTIF($A$2:$A$151,A7)>1,"Duplicate","Unique")) -> Unique | O7: =IF(OR(A7="",N7="Missing Invoice ID"),"Missing Invoice ID",IF(N7="Duplicate","Duplicate - Investigate",IF(M7="Review Required","Incomplete - Review",IF(L7="Discrepancy","Amount Mismatch","Passed QC")))) -> Passed QC
A8: INV0007 | B8: Prime Office | C8: Printer Paper | D8: 30 | E8: 300 | F8: 0.18 | G8: 11120 | H8: =D8*E8 -> 9000 | I8: =H8*F8 -> 1620 | J8: =H8+I8 -> 10620 | K8: =G8-J8 -> 500 | L8: =IF(K8=0,"Verified","Discrepancy") -> Discrepancy | M8: =IF(OR(A8="",B8="",C8="",D8<=0,E8<=0),"Review Required","Complete") -> Complete | N8: =IF(A8="","Missing Invoice ID",IF(COUNTIF($A$2:$A$151,A8)>1,"Duplicate","Unique")) -> Unique | O8: =IF(OR(A8="",N8="Missing Invoice ID"),"Missing Invoice ID",IF(N8="Duplicate","Duplicate - Investigate",IF(M8="Review Required","Incomplete - Review",IF(L8="Discrepancy","Amount Mismatch","Passed QC")))) -> Amount Mismatch
A9: INV0008 | B9: Brightline Distributors | C9: Files | D9: 32 | E9: 25 | F9: 0.12 | G9: 896 | H9: =D9*E9 -> 800 | I9: =H9*F9 -> 96 | J9: =H9+I9 -> 896 | K9: =G9-J9 -> 0 | L9: =IF(K9=0,"Verified","Discrepancy") -> Verified | M9: =IF(OR(A9="",B9="",C9="",D9<=0,E9<=0),"Review Required","Complete") -> Complete | N9: =IF(A9="","Missing Invoice ID",IF(COUNTIF($A$2:$A$151,A9)>1,"Duplicate","Unique")) -> Duplicate | O9: =IF(OR(A9="",N9="Missing Invoice ID"),"Missing Invoice ID",IF(N9="Duplicate","Duplicate - Investigate",IF(M9="Review Required","Incomplete - Review",IF(L9="Discrepancy","Amount Mismatch","Passed QC")))) -> Duplicate - Investigate
A10: INV0009 | B10: Brightline Distributors | C10: Mouse | D10: 42 | E10: 500 | F10: 0.18 | G10: 24780 | H10: =D10*E10 -> 21000 | I10: =H10*F10 -> 3780 | J10: =H10+I10 -> 24780 | K10: =G10-J10 -> 0 | L10: =IF(K10=0,"Verified","Discrepancy") -> Verified | M10: =IF(OR(A10="",B10="",C10="",D10<=0,E10<=0),"Review Required","Complete") -> Complete | N10: =IF(A10="","Missing Invoice ID",IF(COUNTIF($A$2:$A$151,A10)>1,"Duplicate","Unique")) -> Unique | O10: =IF(OR(A10="",N10="Missing Invoice ID"),"Missing Invoice ID",IF(N10="Duplicate","Duplicate - Investigate",IF(M10="Review Required","Incomplete - Review",IF(L10="Discrepancy","Amount Mismatch","Passed QC")))) -> Passed QC
B11: Northstar Supplies | C11: Desk Lamp | D11: 15 | E11: 900 | F11: 0.18 | G11: 15930 | H11: =D11*E11 -> 13500 | I11: =H11*F11 -> 2430 | J11: =H11+I11 -> 15930 | K11: =G11-J11 -> 0 | L11: =IF(K11=0,"Verified","Discrepancy") -> Verified | M11: =IF(OR(A11="",B11="",C11="",D11<=0,E11<=0),"Review Required","Complete") -> Review Required | N11: =IF(A11="","Missing Invoice ID",IF(COUNTIF($A$2:$A$151,A11)>1,"Duplicate","Unique")) -> Missing Invoice ID | O11: =IF(OR(A11="",N11="Missing Invoice ID"),"Missing Invoice ID",IF(N11="Duplicate","Duplicate - Investigate",IF(M11="Review Required","Incomplete - Review",IF(L11="Discrepancy","Amount Mismatch","Passed QC")))) -> Missing Invoice ID
A12: INV0011 | B12: XYZ Supplies | C12: Desk Lamp | D12: 31 | E12: 900 | F12: 0.18 | G12: 32922 | H12: =D12*E12 -> 27900 | I12: =H12*F12 -> 5022 | J12: =H12+I12 -> 32922 | K12: =G12-J12 -> 0 | L12: =IF(K12=0,"Verified","Discrepancy") -> Verified | M12: =IF(OR(A12="",B12="",C12="",D12<=0,E12<=0),"Review Required","Complete") -> Complete | N12: =IF(A12="","Missing Invoice ID",IF(COUNTIF($A$2:$A$151,A12)>1,"Duplicate","Unique")) -> Unique | O12: =IF(OR(A12="",N12="Missing Invoice ID"),"Missing Invoice ID",IF(N12="Duplicate","Duplicate - Investigate",IF(M12="Review Required","Incomplete - Review",IF(L12="Discrepancy","Amount Mismatch","Passed QC")))) -> Passed QC
A13: INV0012 | B13: Metro Wholesale | C13: Files | D13: 9 | E13: 25 | F13: 0.12 | G13: 252 | H13: =D13*E13 -> 225 | I13: =H13*F13 -> 27 | J13: =H13+I13 -> 252 | K13: =G13-J13 -> 0 | L13: =IF(K13=0,"Verified","Discrepancy") -> Verified | M13: =IF(OR(A13="",B13="",C13="",D13<=0,E13<=0),"Review Required","Complete") -> Complete | N13: =IF(A13="","Missing Invoice ID",IF(COUNTIF($A$2:$A$151,A13)>1,"Duplicate","Unique")) -> Unique | O13: =IF(OR(A13="",N13="Missing Invoice ID"),"Missing Invoice ID",IF(N13="Duplicate","Duplicate - Investigate",IF(M13="Review Required","Incomplete - Review",IF(L13="Discrepancy","Amount Mismatch","Passed QC")))) -> Passed QC
A14: INV0013 | C14: Headphones | D14: 44 | E14: 1200 | F14: 0.18 | G14: 62304 | H14: =D14*E14 -> 52800 | I14: =H14*F14 -> 9504 | J14: =H14+I14 -> 62304 | K14: =G14-J14 -> 0 | L14: =IF(K14=0,"Verified","Discrepancy") -> Verified | M14: =IF(OR(A14="",B14="",C14="",D14<=0,E14<=0),"Review Required","Complete") -> Review Required | N14: =IF(A14="","Missing Invoice ID",IF(COUNTIF($A$2:$A$151,A14)>1,"Duplicate","Unique")) -> Unique | O14: =IF(OR(A14="",N14="Missing Invoice ID"),"Missing Invoice ID",IF(N14="Duplicate","Duplicate - Investigate",IF(M14="Review Required","Incomplete - Review",IF(L14="Discrepancy","Amount Mismatch","Passed QC")))) -> Incomplete - Review
A15: INV0014 | B15: Metro Wholesale | C15: Folders | D15: 26 | E15: 35 | F15: 0.12 | G15: 1019.2 | H15: =D15*E15 -> 910 | I15: =H15*F15 -> 109.2 | J15: =H15+I15 -> 1019.2 | K15: =G15-J15 -> 0 | L15: =IF(K15=0,"Verified","Discrepancy") -> Verified | M15: =IF(OR(A15="",B15="",C15="",D15<=0,E15<=0),"Review Required","Complete") -> Complete | N15: =IF(A15="","Missing Invoice ID",IF(COUNTIF($A$2:$A$151,A15)>1,"Duplicate","Unique")) -> Unique | O15: =IF(OR(A15="",N15="Missing Invoice ID"),"Missing Invoice ID",IF(N15="Duplicate","Duplicate - Investigate",IF(M15="Review Required","Incomplete - Review",IF(L15="Discrepancy","Amount Mismatch","Passed QC")))) -> Passed QC
A16: INV0015 | B16: Global Tech | C16: Desk Lamp | D16: 6 | E16: 900 | F16: 0.18 | G16: 6372 | H16: =D16*E16 -> 5400 | I16: =H16*F16 -> 972 | J16: =H16+I16 -> 6372 | K16: =G16-J16 -> 0 | L16: =IF(K16=0,"Verified","Discrepancy") -> Verified | M16: =IF(OR(A16="",B16="",C16="",D16<=0,E16<=0),"Review Required","Complete") -> Complete | N16: =IF(A16="","Missing Invoice ID",IF(COUNTIF($A$2:$A$151,A16)>1,"Duplicate","Unique")) -> Unique | O16: =IF(OR(A16="",N16="Missing Invoice ID"),"Missing Invoice ID",IF(N16="Duplicate","Duplicate - Investigate",IF(M16="Review Required","Incomplete - Review",IF(L16="Discrepancy","Amount Mismatch","Passed QC")))) -> Passed QC
A17: INV0016 | B17: Northstar Supplies | C17: Desk Lamp | D17: 2 | E17: 900 | F17: 0.18 | G17: 2124 | H17: =D17*E17 -> 1800 | I17: =H17*F17 -> 324 | J17: =H17+I17 -> 2124 | K17: =G17-J17 -> 0 | L17: =IF(K17=0,"Verified","Discrepancy") -> Verified | M17: =IF(OR(A17="",B17="",C17="",D17<=0,E17<=0),"Review Required","Complete") -> Complete | N17: =IF(A17="","Missing Invoice ID",IF(COUNTIF($A$2:$A$151,A17)>1,"Duplicate","Unique")) -> Unique | O17: =IF(OR(A17="",N17="Missing Invoice ID"),"Missing Invoice ID",IF(N17="Duplicate","Duplicate - Investigate",IF(M17="Review Required","Incomplete - Review",IF(L17="Discrepancy","Amount Mismatch","Passed QC")))) -> Passed QC
A18: INV0017 | B18: Evergreen Retail | C18: Files | D18: 36 | E18: 25 | F18: 0.12 | G18: 1008 | H18: =D18*E18 -> 900 | I18: =H18*F18 -> 108 | J18: =H18+I18 -> 1008 | K18: =G18-J18 -> 0 | L18: =IF(K18=0,"Verified","Discrepancy") -> Verified | M18: =IF(OR(A18="",B18="",C18="",D18<=0,E18<=0),"Review Required","Complete") -> Complete | N18: =IF(A18="","Missing Invoice ID",IF(COUNTIF($A$2:$A$151,A18)>1,"Duplicate","Unique")) -> Unique | O18: =IF(OR(A18="",N18="Missing Invoice ID"),"Missing Invoice ID",IF(N18="Duplicate","Duplicate - Investigate",IF(M18="Review Required","Incomplete - Review",IF(L18="Discrepancy","Amount Mismatch","Passed QC")))) -> Passed QC
A19: INV0018 | B19: XYZ Supplies | C19: USB Drive | D19: 3 | E19: 450 | F19: 0.18 | G19: 1593 | H19: =D19*E19 -> 1350 | I19: =H19*F19 -> 243 | J19: =H19+I19 -> 1593 | K19: =G19-J19 -> 0 | L19: =IF(K19=0,"Verified","Discrepancy") -> Verified | M19: =IF(OR(A19="",B19="",C19="",D19<=0,E19<=0),"Review Required","Complete") -> Complete | N19: =IF(A19="","Missing Invoice ID",IF(COUNTIF($A$2:$A$151,A19)>1,"Duplicate","Unique")) -> Unique | O19: =IF(OR(A19="",N19="Missing Invoice ID"),"Missing Invoice ID",IF(N19="Duplicate","Duplicate - Investigate",IF(M19="Review Required","Incomplete - Review",IF(L19="Discrepancy","Amount Mismatch","Passed QC")))) -> Passed QC
A20: INV0019 | B20: Brightline Distributors | C20: USB Drive | D20: 2 | E20: 450 | F20: 0.18 | G20: 1312 | H20: =D20*E20 -> 900 | I20: =H20*F20 -> 162 | J20: =H20+I20 -> 1062 | K20: =G20-J20 -> 250 | L20: =IF(K20=0,"Verified","Discrepancy") -> Discrepancy | M20: =IF(OR(A20="",B20="",C20="",D20<=0,E20<=0),"Review Required","Complete") -> Complete | N20: =IF(A20="","Missing Invoice ID",IF(COUNTIF($A$2:$A$151,A20)>1,"Duplicate","Unique")) -> Unique | O20: =IF(OR(A20="",N20="Missing Invoice ID"),"Missing Invoice ID",IF(N20="Duplicate","Duplicate - Investigate",IF(M20="Review Required","Incomplete - Review",IF(L20="Discrepancy","Amount Mismatch","Passed QC")))) -> Amount Mismatch
A21: INV0020 | B21: Citywide Products | C21: Keyboards | D21: 4 | E21: 800 | F21: 0.18 | G21: 3776 | H21: =D21*E21 -> 3200 | I21: =H21*F21 -> 576 | J21: =H21+I21 -> 3776 | K21: =G21-J21 -> 0 | L21: =IF(K21=0,"Verified","Discrepancy") -> Verified | M21: =IF(OR(A21="",B21="",C21="",D21<=0,E21<=0),"Review Required","Complete") -> Complete | N21: =IF(A21="","Missing Invoice ID",IF(COUNTIF($A$2:$A$151,A21)>1,"Duplicate","Unique")) -> Unique | O21: =IF(OR(A21="",N21="Missing Invoice ID"),"Missing Invoice ID",IF(N21="Duplicate","Duplicate - Investigate",IF(M21="Review Required","Incomplete - Review",IF(L21="Discrepancy","Amount Mismatch","Passed QC")))) -> Passed QC
A22: INV0021 | B22: Northstar Supplies | C22: Monitor | D22: 19 | E22: 6500 | F22: 0.18 | G22: 145730 | H22: =D22*E22 -> 123500 | I22: =H22*F22 -> 22230 | J22: =H22+I22 -> 145730 | K22: =G22-J22 -> 0 | L22: =IF(K22=0,"Verified","Discrepancy") -> Verified | M22: =IF(OR(A22="",B22="",C22="",D22<=0,E22<=0),"Review Required","Complete") -> Complete | N22: =IF(A22="","Missing Invoice ID",IF(COUNTIF($A$2:$A$151,A22)>1,"Duplicate","Unique")) -> Unique | O22: =IF(OR(A22="",N22="Missing Invoice ID"),"Missing Invoice ID",IF(N22="Duplicate","Duplicate - Investigate",IF(M22="Review Required","Incomplete - Review",IF(L22="Discrepancy","Amount Mismatch","Passed QC")))) -> Passed QC
A23: INV0022 | B23: XYZ Supplies | C23: Keyboards | D23: 27 | E23: 800 | F23: 0.18 | G23: 25488 | H23: =D23*E23 -> 21600 | I23: =H23*F23 -> 3888 | J23: =H23+I23 -> 25488 | K23: =G23-J23 -> 0 | L23: =IF(K23=0,"Verified","Discrepancy") -> Verified | M23: =IF(OR(A23="",B23="",C23="",D23<=0,E23<=0),"Review Required","Complete") -> Complete | N23: =IF(A23="","Missing Invoice ID",IF(COUNTIF($A$2:$A$151,A23)>1,"Duplicate","Unique")) -> Unique | O23: =IF(OR(A23="",N23="Missing Invoice ID"),"Missing Invoice ID",IF(N23="Duplicate","Duplicate - Investigate",IF(M23="Review Required","Incomplete - Review",IF(L23="Discrepancy","Amount Mismatch","Passed QC")))) -> Passed QC
A24: INV0023 | B24: Brightline Distributors | C24: Paper Clips | D24: 32 | E24: 60 | F24: 0.12 | G24: 2150.4 | H24: =D24*E24 -> 1920 | I24: =H24*F24 -> 230.4 | J24: =H24+I24 -> 2150.4 | K24: =G24-J24 -> 0 | L24: =IF(K24=0,"Verified","Discrepancy") -> Verified | M24: =IF(OR(A24="",B24="",C24="",D24<=0,E24<=0),"Review Required","Complete") -> Complete | N24: =IF(A24="","Missing Invoice ID",IF(COUNTIF($A$2:$A$151,A24)>1,"Duplicate","Unique")) -> Unique | O24: =IF(OR(A24="",N24="Missing Invoice ID"),"Missing Invoice ID",IF(N24="Duplicate","Duplicate - Investigate",IF(M24="Review Required","Incomplete - Review",IF(L24="Discrepancy","Amount Mismatch","Passed QC")))) -> Passed QC
A25: INV0024 | B25: Prime Office | C25: Printer Toner | D25: 0 | E25: 2200 | F25: 0.18 | G25: 88264 | H25: =D25*E25 -> 0 | I25: =H25*F25 -> 0 | J25: =H25+I25 -> 0 | K25: =G25-J25 -> 88264 | L25: =IF(K25=0,"Verified","Discrepancy") -> Discrepancy | M25: =IF(OR(A25="",B25="",C25="",D25<=0,E25<=0),"Review Required","Complete") -> Review Required | N25: =IF(A25="","Missing Invoice ID",IF(COUNTIF($A$2:$A$151,A25)>1,"Duplicate","Unique")) -> Unique | O25: =IF(OR(A25="",N25="Missing Invoice ID"),"Missing Invoice ID",IF(N25="Duplicate","Duplicate - Investigate",IF(M25="Review Required","Incomplete - Review",IF(L25="Discrepancy","Amount Mismatch","Passed QC")))) -> Incomplete - Review
A26: INV0025 | B26: Metro Wholesale | C26: Monitor | D26: 46 | E26: 6500 | F26: 0.18 | G26: 352820 | H26: =D26*E26 -> 299000 | I26: =H26*F26 -> 53820 | J26: =H26+I26 -> 352820 | K26: =G26-J26 -> 0 | L26: =IF(K26=0,"Verified","Discrepancy") -> Verified | M26: =IF(OR(A26="",B26="",C26="",D26<=0,E26<=0),"Review Required","Complete") -> Complete | N26: =IF(A26="","Missing Invoice ID",IF(COUNTIF($A$2:$A$151,A26)>1,"Duplicate","Unique")) -> Unique | O26: =IF(OR(A26="",N26="Missing Invoice ID"),"Missing Invoice ID",IF(N26="Duplicate","Duplicate - Investigate",IF(M26="Review Required","Incomplete - Review",IF(L26="Discrepancy","Amount Mismatch","Passed QC")))) -> Passed QC
... A31: INV0030 | B31: Evergreen Retail | C31: Keyboards | D31: 45 | E31: 800 | F31: 0.18 | G31: 42480 | H31: =D31*E31 -> 36000 | I31: =H31*F31 -> 6480 | J31: =H31+I31 -> 42480 | K31: =G31-J31 -> 0 | L31: =IF(K31=0,"Verified","Discrepancy") -> Verified | M31: =IF(OR(A31="",B31="",C31="",D31<=0,E31<=0),"Review Required","Complete") -> Complete | N31: =IF(A31="","Missing Invoice ID",IF(COUNTIF($A$2:$A$151,A31)>1,"Duplicate","Unique")) -> Unique | O31: =IF(OR(A31="",N31="Missing Invoice ID"),"Missing Invoice ID",IF(N31="Duplicate","Duplicate - Investigate",IF(M31="Review Required","Incomplete - Review",IF(L31="Discrepancy","Amount Mismatch","Passed QC")))) -> Passed QC
B32: Prime Office | D32: 49 | E32: 25 | F32: 0.12 | G32: 1372 | H32: =D32*E32 -> 1225 | I32: =H32*F32 -> 147 | J32: =H32+I32 -> 1372 | K32: =G32-J32 -> 0 | L32: =IF(K32=0,"Verified","Discrepancy") -> Verified | M32: =IF(OR(A32="",B32="",C32="",D32<=0,E32<=0),"Review Required","Complete") -> Review Required | N32: =IF(A32="","Missing Invoice ID",IF(COUNTIF($A$2:$A$151,A32)>1,"Duplicate","Unique")) -> Missing Invoice ID | O32: =IF(OR(A32="",N32="Missing Invoice ID"),"Missing Invoice ID",IF(N32="Duplicate","Duplicate - Investigate",IF(M32="Review Required","Incomplete - Review",IF(L32="Discrepancy","Amount Mismatch","Passed QC")))) -> Missing Invoice ID
A33: INV0032 | B33: Apex Business Solutions | C33: Whiteboard | D33: 10 | E33: 1800 | F33: 0.18 | G33: 21240 | H33: =D33*E33 -> 18000 | I33: =H33*F33 -> 3240 | J33: =H33+I33 -> 21240 | K33: =G33-J33 -> 0 | L33: =IF(K33=0,"Verified","Discrepancy") -> Verified | M33: =IF(OR(A33="",B33="",C33="",D33<=0,E33<=0),"Review Required","Complete") -> Complete | N33: =IF(A33="","Missing Invoice ID",IF(COUNTIF($A$2:$A$151,A33)>1,"Duplicate","Unique")) -> Unique | O33: =IF(OR(A33="",N33="Missing Invoice ID"),"Missing Invoice ID",IF(N33="Duplicate","Duplicate - Investigate",IF(M33="Review Required","Incomplete - Review",IF(L33="Discrepancy","Amount Mismatch","Passed QC")))) -> Passed QC
A34: INV0033 | B34: XYZ Supplies | C34: Keyboards | D34: 21 | E34: 800 | F34: 0.18 | G34: 19824 | H34: =D34*E34 -> 16800 | I34: =H34*F34 -> 3024 | J34: =H34+I34 -> 19824 | K34: =G34-J34 -> 0 | L34: =IF(K34=0,"Verified","Discrepancy") -> Verified | M34: =IF(OR(A34="",B34="",C34="",D34<=0,E34<=0),"Review Required","Complete") -> Complete | N34: =IF(A34="","Missing Invoice ID",IF(COUNTIF($A$2:$A$151,A34)>1,"Duplicate","Unique")) -> Unique | O34: =IF(OR(A34="",N34="Missing Invoice ID"),"Missing Invoice ID",IF(N34="Duplicate","Duplicate - Investigate",IF(M34="Review Required","Incomplete - Review",IF(L34="Discrepancy","Amount Mismatch","Passed QC")))) -> Passed QC
A35: INV0034 | B35: Brightline Distributors | C35: Folders | D35: 6 | E35: 35 | F35: 0.12 | G35: 235.2 | H35: =D35*E35 -> 210 | I35: =H35*F35 -> 25.2 | J35: =H35+I35 -> 235.2 | K35: =G35-J35 -> 0 | L35: =IF(K35=0,"Verified","Discrepancy") -> Verified | M35: =IF(OR(A35="",B35="",C35="",D35<=0,E35<=0),"Review Required","Complete") -> Complete | N35: =IF(A35="","Missing Invoice ID",IF(COUNTIF($A$2:$A$151,A35)>1,"Duplicate","Unique")) -> Unique | O35: =IF(OR(A35="",N35="Missing Invoice ID"),"Missing Invoice ID",IF(N35="Duplicate","Duplicate - Investigate",IF(M35="Review Required","Incomplete - Review",IF(L35="Discrepancy","Amount Mismatch","Passed QC")))) -> Passed QC
A36: INV0035 | B36: ABC Traders | C36: Extension Board | D36: 37 | E36: 550 | F36: 0.18 | G36: 24013 | H36: =D36*E36 -> 20350 | I36: =H36*F36 -> 3663 | J36: =H36+I36 -> 24013 | K36: =G36-J36 -> 0 | L36: =IF(K36=0,"Verified","Discrepancy") -> Verified | M36: =IF(OR(A36="",B36="",C36="",D36<=0,E36<=0),"Review Required","Complete") -> Complete | N36: =IF(A36="","Missing Invoice ID",IF(COUNTIF($A$2:$A$151,A36)>1,"Duplicate","Unique")) -> Unique | O36: =IF(OR(A36="",N36="Missing Invoice ID"),"Missing Invoice ID",IF(N36="Duplicate","Duplicate - Investigate",IF(M36="Review Required","Incomplete - Review",IF(L36="Discrepancy","Amount Mismatch","Passed QC")))) -> Passed QC
A37: INV0036 | B37: Brightline Distributors | C37: Whiteboard | D37: 5 | E37: 1800 | F37: 0.18 | G37: 10720 | H37: =D37*E37 -> 9000 | I37: =H37*F37 -> 1620 | J37: =H37+I37 -> 10620 | K37: =G37-J37 -> 100 | L37: =IF(K37=0,"Verified","Discrepancy") -> Discrepancy | M37: =IF(OR(A37="",B37="",C37="",D37<=0,E37<=0),"Review Required","Complete") -> Complete | N37: =IF(A37="","Missing Invoice ID",IF(COUNTIF($A$2:$A$151,A37)>1,"Duplicate","Unique")) -> Unique | O37: =IF(OR(A37="",N37="Missing Invoice ID"),"Missing Invoice ID",IF(N37="Duplicate","Duplicate - Investigate",IF(M37="Review Required","Incomplete - Review",IF(L37="Discrepancy","Amount Mismatch","Passed QC")))) -> Amount Mismatch
A38: INV0037 | B38: Metro Wholesale | C38: Headphones | D38: 7 | E38: 1200 | F38: 0.18 | G38: 9912 | H38: =D38*E38 -> 8400 | I38: =H38*F38 -> 1512 | J38: =H38+I38 -> 9912 | K38: =G38-J38 -> 0 | L38: =IF(K38=0,"Verified","Discrepancy") -> Verified | M38: =IF(OR(A38="",B38="",C38="",D38<=0,E38<=0),"Review Required","Complete") -> Complete | N38: =IF(A38="","Missing Invoice ID",IF(COUNTIF($A$2:$A$151,A38)>1,"Duplicate","Unique")) -> Unique | O38: =IF(OR(A38="",N38="Missing Invoice ID"),"Missing Invoice ID",IF(N38="Duplicate","Duplicate - Investigate",IF(M38="Review Required","Incomplete - Review",IF(L38="Discrepancy","Amount Mismatch","Passed QC")))) -> Passed QC
A39: INV0038 | B39: Metro Wholesale | C39: Keyboards | D39: 18 | E39: 800 | F39: 0.18 | G39: 16992 | H39: =D39*E39 -> 14400 | I39: =H39*F39 -> 2592 | J39: =H39+I39 -> 16992 | K39: =G39-J39 -> 0 | L39: =IF(K39=0,"Verified","Discrepancy") -> Verified | M39: =IF(OR(A39="",B39="",C39="",D39<=0,E39<=0),"Review Required","Complete") -> Complete | N39: =IF(A39="","Missing Invoice ID",IF(COUNTIF($A$2:$A$151,A39)>1,"Duplicate","Unique")) -> Unique | O39: =IF(OR(A39="",N39="Missing Invoice ID"),"Missing Invoice ID",IF(N39="Duplicate","Duplicate - Investigate",IF(M39="Review Required","Incomplete - Review",IF(L39="Discrepancy","Amount Mismatch","Passed QC")))) -> Passed QC
A40: INV0039 | B40: Evergreen Retail | C40: Files | D40: 29 | E40: 25 | F40: 0.12 | G40: 812 | H40: =D40*E40 -> 725 | I40: =H40*F40 -> 87 | J40: =H40+I40 -> 812 | K40: =G40-J40 -> 0 | L40: =IF(K40=0,"Verified","Discrepancy") -> Verified | M40: =IF(OR(A40="",B40="",C40="",D40<=0,E40<=0),"Review Required","Complete") -> Complete | N40: =IF(A40="","Missing Invoice ID",IF(COUNTIF($A$2:$A$151,A40)>1,"Duplicate","Unique")) -> Unique | O40: =IF(OR(A40="",N40="Missing Invoice ID"),"Missing Invoice ID",IF(N40="Duplicate","Duplicate - Investigate",IF(M40="Review Required","Incomplete - Review",IF(L40="Discrepancy","Amount Mismatch","Passed QC")))) -> Passed QC
A41: INV0040 | B41: XYZ Supplies | C41: Calculator | D41: 22 | E41: 650 | F41: 0.18 | G41: 16874 | H41: =D41*E41 -> 14300 | I41: =H41*F41 -> 2574 | J41: =H41+I41 -> 16874 | K41: =G41-J41 -> 0 | L41: =IF(K41=0,"Verified","Discrepancy") -> Verified | M41: =IF(OR(A41="",B41="",C41="",D41<=0,E41<=0),"Review Required","Complete") -> Complete | N41: =IF(A41="","Missing Invoice ID",IF(COUNTIF($A$2:$A$151,A41)>1,"Duplicate","Unique")) -> Unique | O41: =IF(OR(A41="",N41="Missing Invoice ID"),"Missing Invoice ID",IF(N41="Duplicate","Duplicate - Investigate",IF(M41="Review Required","Incomplete - Review",IF(L41="Discrepancy","Amount Mismatch","Passed QC")))) -> Passed QC
A42: INV0041 | B42: Global Tech | C42: Pens | D42: 19 | E42: 10 | F42: 0.18 | G42: 224.2 | H42: =D42*E42 -> 190 | I42: =H42*F42 -> 34.2 | J42: =H42+I42 -> 224.2 | K42: =G42-J42 -> 0 | L42: =IF(K42=0,"Verified","Discrepancy") -> Verified | M42: =IF(OR(A42="",B42="",C42="",D42<=0,E42<=0),"Review Required","Complete") -> Complete | N42: =IF(A42="","Missing Invoice ID",IF(COUNTIF($A$2:$A$151,A42)>1,"Duplicate","Unique")) -> Unique | O42: =IF(OR(A42="",N42="Missing Invoice ID"),"Missing Invoice ID",IF(N42="Duplicate","Duplicate - Investigate",IF(M42="Review Required","Incomplete - Review",IF(L42="Discrepancy","Amount Mismatch","Passed QC")))) -> Passed QC
A43: INV0042 | C43: Office Chairs | D43: 2 | E43: 2500 | F43: 0.18 | G43: 5900 | H43: =D43*E43 -> 5000 | I43: =H43*F43 -> 900 | J43: =H43+I43 -> 5900 | K43: =G43-J43 -> 0 | L43: =IF(K43=0,"Verified","Discrepancy") -> Verified | M43: =IF(OR(A43="",B43="",C43="",D43<=0,E43<=0),"Review Required","Complete") -> Review Required | N43: =IF(A43="","Missing Invoice ID",IF(COUNTIF($A$2:$A$151,A43)>1,"Duplicate","Unique")) -> Unique | O43: =IF(OR(A43="",N43="Missing Invoice ID"),"Missing Invoice ID",IF(N43="Duplicate","Duplicate - Investigate",IF(M43="Review Required","Incomplete - Review",IF(L43="Discrepancy","Amount Mismatch","Passed QC")))) -> Incomplete - Review
A44: INV0043 | B44: Northstar Supplies | C44: Filing Cabinet | D44: 31 | E44: 7200 | F44: 0.18 | G44: 263376 | H44: =D44*E44 -> 223200 | I44: =H44*F44 -> 40176 | J44: =H44+I44 -> 263376 | K44: =G44-J44 -> 0 | L44: =IF(K44=0,"Verified","Discrepancy") -> Verified | M44: =IF(OR(A44="",B44="",C44="",D44<=0,E44<=0),"Review Required","Complete") -> Complete | N44: =IF(A44="","Missing Invoice ID",IF(COUNTIF($A$2:$A$151,A44)>1,"Duplicate","Unique")) -> Unique | O44: =IF(OR(A44="",N44="Missing Invoice ID"),"Missing Invoice ID",IF(N44="Duplicate","Duplicate - Investigate",IF(M44="Review Required","Incomplete - Review",IF(L44="Discrepancy","Amount Mismatch","Passed QC")))) -> Passed QC
A45: INV0044 | B45: Citywide Products | C45: Notebooks | D45: 23 | E45: 40 | F45: 0.12 | G45: 1030.4 | H45: =D45*E45 -> 920 | I45: =H45*F45 -> 110.4 | J45: =H45+I45 -> 1030.4 | K45: =G45-J45 -> 0 | L45: =IF(K45=0,"Verified","Discrepancy") -> Verified | M45: =IF(OR(A45="",B45="",C45="",D45<=0,E45<=0),"Review Required","Complete") -> Complete | N45: =IF(A45="","Missing Invoice ID",IF(COUNTIF($A$2:$A$151,A45)>1,"Duplicate","Unique")) -> Unique | O45: =IF(OR(A45="",N45="Missing Invoice ID"),"Missing Invoice ID",IF(N45="Duplicate","Duplicate - Investigate",IF(M45="Review Required","Incomplete - Review",IF(L45="Discrepancy","Amount Mismatch","Passed QC")))) -> Passed QC
A46: INV0045 | B46: Global Tech | C46: Desk | D46: 32 | E46: 5000 | F46: 0.18 | G46: 188800 | H46: =D46*E46 -> 160000 | I46: =H46*F46 -> 28800 | J46: =H46+I46 -> 188800 | K46: =G46-J46 -> 0 | L46: =IF(K46=0,"Verified","Discrepancy") -> Verified | M46: =IF(OR(A46="",B46="",C46="",D46<=0,E46<=0),"Review Required","Complete") -> Complete | N46: =IF(A46="","Missing Invoice ID",IF(COUNTIF($A$2:$A$151,A46)>1,"Duplicate","Unique")) -> Duplicate | O46: =IF(OR(A46="",N46="Missing Invoice ID"),"Missing Invoice ID",IF(N46="Duplicate","Duplicate - Investigate",IF(M46="Review Required","Incomplete - Review",IF(L46="Discrepancy","Amount Mismatch","Passed QC")))) -> Duplicate - Investigate
A47: INV0045 | B47: Global Tech | C47: Extension Board | D47: 39 | E47: 550 | F47: 0.18 | G47: 25311 | H47: =D47*E47 -> 21450 | I47: =H47*F47 -> 3861 | J47: =H47+I47 -> 25311 | K47: =G47-J47 -> 0 | L47: =IF(K47=0,"Verified","Discrepancy") -> Verified | M47: =IF(OR(A47="",B47="",C47="",D47<=0,E47<=0),"Review Required","Complete") -> Complete | N47: =IF(A47="","Missing Invoice ID",IF(COUNTIF($A$2:$A$151,A47)>1,"Duplicate","Unique")) -> Duplicate | O47: =IF(OR(A47="",N47="Missing Invoice ID"),"Missing Invoice ID",IF(N47="Duplicate","Duplicate - Investigate",IF(M47="Review Required","Incomplete - Review",IF(L47="Discrepancy","Amount Mismatch","Passed QC")))) -> Duplicate - Investigate
A48: INV0047 | B48: Apex Business Solutions | C48: Headphones | D48: 23 | E48: 1200 | F48: 0.18 | G48: 32618 | H48: =D48*E48 -> 27600 | I48: =H48*F48 -> 4968 | J48: =H48+I48 -> 32568 | K48: =G48-J48 -> 50 | L48: =IF(K48=0,"Verified","Discrepancy") -> Discrepancy | M48: =IF(OR(A48="",B48="",C48="",D48<=0,E48<=0),"Review Required","Complete") -> Complete | N48: =IF(A48="","Missing Invoice ID",IF(COUNTIF($A$2:$A$151,A48)>1,"Duplicate","Unique")) -> Unique | O48: =IF(OR(A48="",N48="Missing Invoice ID"),"Missing Invoice ID",IF(N48="Duplicate","Duplicate - Investigate",IF(M48="Review Required","Incomplete - Review",IF(L48="Discrepancy","Amount Mismatch","Passed QC")))) -> Amount Mismatch
A49: INV0048 | B49: Prime Office | C49: Staplers | D49: 24 | E49: 150 | F49: 0.12 | G49: 4032 | H49: =D49*E49 -> 3600 | I49: =H49*F49 -> 432 | J49: =H49+I49 -> 4032 | K49: =G49-J49 -> 0 | L49: =IF(K49=0,"Verified","Discrepancy") -> Verified | M49: =IF(OR(A49="",B49="",C49="",D49<=0,E49<=0),"Review Required","Complete") -> Complete | N49: =IF(A49="","Missing Invoice ID",IF(COUNTIF($A$2:$A$151,A49)>1,"Duplicate","Unique")) -> Unique | O49: =IF(OR(A49="",N49="Missing Invoice ID"),"Missing Invoice ID",IF(N49="Duplicate","Duplicate - Investigate",IF(M49="Review Required","Incomplete - Review",IF(L49="Discrepancy","Amount Mismatch","Passed QC")))) -> Passed QC
A50: INV0049 | B50: Brightline Distributors | C50: Folders | D50: 27 | E50: 35 | F50: 0.12 | G50: 1058.4 | H50: =D50*E50 -> 945 | I50: =H50*F50 -> 113.4 | J50: =H50+I50 -> 1058.4 | K50: =G50-J50 -> 0 | L50: =IF(K50=0,"Verified","Discrepancy") -> Verified | M50: =IF(OR(A50="",B50="",C50="",D50<=0,E50<=0),"Review Required","Complete") -> Complete | N50: =IF(A50="","Missing Invoice ID",IF(COUNTIF($A$2:$A$151,A50)>1,"Duplicate","Unique")) -> Unique | O50: =IF(OR(A50="",N50="Missing Invoice ID"),"Missing Invoice ID",IF(N50="Duplicate","Duplicate - Investigate",IF(M50="Review Required","Incomplete - Review",IF(L50="Discrepancy","Amount Mismatch","Passed QC")))) -> Passed QC
A51: INV0050 | B51: ABC Traders | C51: Mouse | D51: 35 | E51: 500 | F51: 0.18 | G51: 20650 | H51: =D51*E51 -> 17500 | I51: =H51*F51 -> 3150 | J51: =H51+I51 -> 20650 | K51: =G51-J51 -> 0 | L51: =IF(K51=0,"Verified","Discrepancy") -> Verified | M51: =IF(OR(A51="",B51="",C51="",D51<=0,E51<=0),"Review Required","Complete") -> Complete | N51: =IF(A51="","Missing Invoice ID",IF(COUNTIF($A$2:$A$151,A51)>1,"Duplicate","Unique")) -> Duplicate | O51: =IF(OR(A51="",N51="Missing Invoice ID"),"Missing Invoice ID",IF(N51="Duplicate","Duplicate - Investigate",IF(M51="Review Required","Incomplete - Review",IF(L51="Discrepancy","Amount Mismatch","Passed QC")))) -> Duplicate - Investigate
A52: INV0050 | B52: XYZ Supplies | C52: Files | D52: 11 | E52: 25 | F52: 0.12 | G52: 308 | H52: =D52*E52 -> 275 | I52: =H52*F52 -> 33 | J52: =H52+I52 -> 308 | K52: =G52-J52 -> 0 | L52: =IF(K52=0,"Verified","Discrepancy") -> Verified | M52: =IF(OR(A52="",B52="",C52="",D52<=0,E52<=0),"Review Required","Complete") -> Complete | N52: =IF(A52="","Missing Invoice ID",IF(COUNTIF($A$2:$A$151,A52)>1,"Duplicate","Unique")) -> Duplicate | O52: =IF(OR(A52="",N52="Missing Invoice ID"),"Missing Invoice ID",IF(N52="Duplicate","Duplicate - Investigate",IF(M52="Review Required","Incomplete - Review",IF(L52="Discrepancy","Amount Mismatch","Passed QC")))) -> Duplicate - Investigate
A53: INV0052 | B53: XYZ Supplies | C53: Keyboards | D53: 23 | E53: 800 | F53: 0.18 | G53: 21712 | H53: =D53*E53 -> 18400 | I53: =H53*F53 -> 3312 | J53: =H53+I53 -> 21712 | K53: =G53-J53 -> 0 | L53: =IF(K53=0,"Verified","Discrepancy") -> Verified | M53: =IF(OR(A53="",B53="",C53="",D53<=0,E53<=0),"Review Required","Complete") -> Complete | N53: =IF(A53="","Missing Invoice ID",IF(COUNTIF($A$2:$A$151,A53)>1,"Duplicate","Unique")) -> Unique | O53: =IF(OR(A53="",N53="Missing Invoice ID"),"Missing Invoice ID",IF(N53="Duplicate","Duplicate - Investigate",IF(M53="Review Required","Incomplete - Review",IF(L53="Discrepancy","Amount Mismatch","Passed QC")))) -> Passed QC
A54: INV0053 | B54: XYZ Supplies | C54: USB Drive | D54: 3 | E54: 450 | F54: 0.18 | G54: 1593 | H54: =D54*E54 -> 1350 | I54: =H54*F54 -> 243 | J54: =H54+I54 -> 1593 | K54: =G54-J54 -> 0 | L54: =IF(K54=0,"Verified","Discrepancy") -> Verified | M54: =IF(OR(A54="",B54="",C54="",D54<=0,E54<=0),"Review Required","Complete") -> Complete | N54: =IF(A54="","Missing Invoice ID",IF(COUNTIF($A$2:$A$151,A54)>1,"Duplicate","Unique")) -> Unique | O54: =IF(OR(A54="",N54="Missing Invoice ID"),"Missing Invoice ID",IF(N54="Duplicate","Duplicate - Investigate",IF(M54="Review Required","Incomplete - Review",IF(L54="Discrepancy","Amount Mismatch","Passed QC")))) -> Passed QC
A55: INV0054 | B55: Evergreen Retail | C55: Files | D55: 45 | E55: 25 | F55: 0.12 | G55: 1260 | H55: =D55*E55 -> 1125 | I55: =H55*F55 -> 135 | J55: =H55+I55 -> 1260 | K55: =G55-J55 -> 0 | L55: =IF(K55=0,"Verified","Discrepancy") -> Verified | M55: =IF(OR(A55="",B55="",C55="",D55<=0,E55<=0),"Review Required","Complete") -> Complete | N55: =IF(A55="","Missing Invoice ID",IF(COUNTIF($A$2:$A$151,A55)>1,"Duplicate","Unique")) -> Unique | O55: =IF(OR(A55="",N55="Missing Invoice ID"),"Missing Invoice ID",IF(N55="Duplicate","Duplicate - Investigate",IF(M55="Review Required","Incomplete - Review",IF(L55="Discrepancy","Amount Mismatch","Passed QC")))) -> Passed QC
... A72: INV0071 | B72: XYZ Supplies | C72: Filing Cabinet | D72: 30 | E72: 7200 | F72: 0.18 | G72: 254880 | H72: =D72*E72 -> 216000 | I72: =H72*F72 -> 38880 | J72: =H72+I72 -> 254880 | K72: =G72-J72 -> 0 | L72: =IF(K72=0,"Verified","Discrepancy") -> Verified | M72: =IF(OR(A72="",B72="",C72="",D72<=0,E72<=0),"Review Required","Complete") -> Complete | N72: =IF(A72="","Missing Invoice ID",IF(COUNTIF($A$2:$A$151,A72)>1,"Duplicate","Unique")) -> Unique | O72: =IF(OR(A72="",N72="Missing Invoice ID"),"Missing Invoice ID",IF(N72="Duplicate","Duplicate - Investigate",IF(M72="Review Required","Incomplete - Review",IF(L72="Discrepancy","Amount Mismatch","Passed QC")))) -> Passed QC
A73: INV0072 | B73: Brightline Distributors | D73: 48 | E73: 650 | F73: 0.18 | G73: 36816 | H73: =D73*E73 -> 31200 | I73: =H73*F73 -> 5616 | J73: =H73+I73 -> 36816 | K73: =G73-J73 -> 0 | L73: =IF(K73=0,"Verified","Discrepancy") -> Verified | M73: =IF(OR(A73="",B73="",C73="",D73<=0,E73<=0),"Review Required","Complete") -> Review Required | N73: =IF(A73="","Missing Invoice ID",IF(COUNTIF($A$2:$A$151,A73)>1,"Duplicate","Unique")) -> Unique | O73: =IF(OR(A73="",N73="Missing Invoice ID"),"Missing Invoice ID",IF(N73="Duplicate","Duplicate - Investigate",IF(M73="Review Required","Incomplete - Review",IF(L73="Discrepancy","Amount Mismatch","Passed QC")))) -> Incomplete - Review
A74: INV0073 | B74: XYZ Supplies | C74: Keyboards | D74: 32 | E74: 800 | F74: 0.18 | G74: 30208 | H74: =D74*E74 -> 25600 | I74: =H74*F74 -> 4608 | J74: =H74+I74 -> 30208 | K74: =G74-J74 -> 0 | L74: =IF(K74=0,"Verified","Discrepancy") -> Verified | M74: =IF(OR(A74="",B74="",C74="",D74<=0,E74<=0),"Review Required","Complete") -> Complete | N74: =IF(A74="","Missing Invoice ID",IF(COUNTIF($A$2:$A$151,A74)>1,"Duplicate","Unique")) -> Unique | O74: =IF(OR(A74="",N74="Missing Invoice ID"),"Missing Invoice ID",IF(N74="Duplicate","Duplicate - Investigate",IF(M74="Review Required","Incomplete - Review",IF(L74="Discrepancy","Amount Mismatch","Passed QC")))) -> Passed QC
A75: INV0074 | B75: Northstar Supplies | C75: Pens | D75: 18 | E75: 10 | F75: 0.18 | G75: 212.4 | H75: =D75*E75 -> 180 | I75: =H75*F75 -> 32.4 | J75: =H75+I75 -> 212.4 | K75: =G75-J75 -> 0 | L75: =IF(K75=0,"Verified","Discrepancy") -> Verified | M75: =IF(OR(A75="",B75="",C75="",D75<=0,E75<=0),"Review Required","Complete") -> Complete | N75: =IF(A75="","Missing Invoice ID",IF(COUNTIF($A$2:$A$151,A75)>1,"Duplicate","Unique")) -> Unique | O75: =IF(OR(A75="",N75="Missing Invoice ID"),"Missing Invoice ID",IF(N75="Duplicate","Duplicate - Investigate",IF(M75="Review Required","Incomplete - Review",IF(L75="Discrepancy","Amount Mismatch","Passed QC")))) -> Passed QC
A76: INV0075 | B76: ABC Traders | C76: Mouse | D76: 24 | E76: 500 | F76: 0.18 | G76: 14160 | H76: =D76*E76 -> 12000 | I76: =H76*F76 -> 2160 | J76: =H76+I76 -> 14160 | K76: =G76-J76 -> 0 | L76: =IF(K76=0,"Verified","Discrepancy") -> Verified | M76: =IF(OR(A76="",B76="",C76="",D76<=0,E76<=0),"Review Required","Complete") -> Complete | N76: =IF(A76="","Missing Invoice ID",IF(COUNTIF($A$2:$A$151,A76)>1,"Duplicate","Unique")) -> Unique | O76: =IF(OR(A76="",N76="Missing Invoice ID"),"Missing Invoice ID",IF(N76="Duplicate","Duplicate - Investigate",IF(M76="Review Required","Incomplete - Review",IF(L76="Discrepancy","Amount Mismatch","Passed QC")))) -> Passed QC
A77: INV0076 | B77: Global Tech | C77: Extension Board | D77: 8 | E77: 550 | F77: 0.18 | G77: 5192 | H77: =D77*E77 -> 4400 | I77: =H77*F77 -> 792 | J77: =H77+I77 -> 5192 | K77: =G77-J77 -> 0 | L77: =IF(K77=0,"Verified","Discrepancy") -> Verified | M77: =IF(OR(A77="",B77="",C77="",D77<=0,E77<=0),"Review Required","Complete") -> Complete | N77: =IF(A77="","Missing Invoice ID",IF(COUNTIF($A$2:$A$151,A77)>1,"Duplicate","Unique")) -> Unique | O77: =IF(OR(A77="",N77="Missing Invoice ID"),"Missing Invoice ID",IF(N77="Duplicate","Duplicate - Investigate",IF(M77="Review Required","Incomplete - Review",IF(L77="Discrepancy","Amount Mismatch","Passed QC")))) -> Passed QC
A78: INV0077 | B78: Global Tech | C78: Files | D78: 43 | E78: 25 | F78: 0.12 | G78: 1304 | H78: =D78*E78 -> 1075 | I78: =H78*F78 -> 129 | J78: =H78+I78 -> 1204 | K78: =G78-J78 -> 100 | L78: =IF(K78=0,"Verified","Discrepancy") -> Discrepancy | M78: =IF(OR(A78="",B78="",C78="",D78<=0,E78<=0),"Review Required","Complete") -> Complete | N78: =IF(A78="","Missing Invoice ID",IF(COUNTIF($A$2:$A$151,A78)>1,"Duplicate","Unique")) -> Unique | O78: =IF(OR(A78="",N78="Missing Invoice ID"),"Missing Invoice ID",IF(N78="Duplicate","Duplicate - Investigate",IF(M78="Review Required","Incomplete - Review",IF(L78="Discrepancy","Amount Mismatch","Passed QC")))) -> Amount Mismatch
A79: INV0078 | B79: Prime Office | C79: Paper Clips | D79: 44 | E79: 60 | F79: 0.12 | G79: 2956.8 | H79: =D79*E79 -> 2640 | I79: =H79*F79 -> 316.8 | J79: =H79+I79 -> 2956.8 | K79: =G79-J79 -> 0 | L79: =IF(K79=0,"Verified","Discrepancy") -> Verified | M79: =IF(OR(A79="",B79="",C79="",D79<=0,E79<=0),"Review Required","Complete") -> Complete | N79: =IF(A79="","Missing Invoice ID",IF(COUNTIF($A$2:$A$151,A79)>1,"Duplicate","Unique")) -> Unique | O79: =IF(OR(A79="",N79="Missing Invoice ID"),"Missing Invoice ID",IF(N79="Duplicate","Duplicate - Investigate",IF(M79="Review Required","Incomplete - Review",IF(L79="Discrepancy","Amount Mismatch","Passed QC")))) -> Passed QC
A80: INV0079 | B80: Global Tech | C80: Whiteboard | D80: 10 | E80: 1800 | F80: 0.18 | G80: 21240 | H80: =D80*E80 -> 18000 | I80: =H80*F80 -> 3240 | J80: =H80+I80 -> 21240 | K80: =G80-J80 -> 0 | L80: =IF(K80=0,"Verified","Discrepancy") -> Verified | M80: =IF(OR(A80="",B80="",C80="",D80<=0,E80<=0),"Review Required","Complete") -> Complete | N80: =IF(A80="","Missing Invoice ID",IF(COUNTIF($A$2:$A$151,A80)>1,"Duplicate","Unique")) -> Unique | O80: =IF(OR(A80="",N80="Missing Invoice ID"),"Missing Invoice ID",IF(N80="Duplicate","Duplicate - Investigate",IF(M80="Review Required","Incomplete - Review",IF(L80="Discrepancy","Amount Mismatch","Passed QC")))) -> Passed QC
A81: INV0080 | B81: ABC Traders | C81: Files | D81: 35 | E81: 25 | F81: 0.12 | G81: 980 | H81: =D81*E81 -> 875 | I81: =H81*F81 -> 105 | J81: =H81+I81 -> 980 | K81: =G81-J81 -> 0 | L81: =IF(K81=0,"Verified","Discrepancy") -> Verified | M81: =IF(OR(A81="",B81="",C81="",D81<=0,E81<=0),"Review Required","Complete") -> Complete | N81: =IF(A81="","Missing Invoice ID",IF(COUNTIF($A$2:$A$151,A81)>1,"Duplicate","Unique")) -> Unique | O81: =IF(OR(A81="",N81="Missing Invoice ID"),"Missing Invoice ID",IF(N81="Duplicate","Duplicate - Investigate",IF(M81="Review Required","Incomplete - Review",IF(L81="Discrepancy","Amount Mismatch","Passed QC")))) -> Passed QC
A82: INV0081 | B82: Apex Business Solutions | C82: Mouse | D82: 8 | E82: 500 | F82: 0.18 | G82: 4720 | H82: =D82*E82 -> 4000 | I82: =H82*F82 -> 720 | J82: =H82+I82 -> 4720 | K82: =G82-J82 -> 0 | L82: =IF(K82=0,"Verified","Discrepancy") -> Verified | M82: =IF(OR(A82="",B82="",C82="",D82<=0,E82<=0),"Review Required","Complete") -> Complete | N82: =IF(A82="","Missing Invoice ID",IF(COUNTIF($A$2:$A$151,A82)>1,"Duplicate","Unique")) -> Unique | O82: =IF(OR(A82="",N82="Missing Invoice ID"),"Missing Invoice ID",IF(N82="Duplicate","Duplicate - Investigate",IF(M82="Review Required","Incomplete - Review",IF(L82="Discrepancy","Amount Mismatch","Passed QC")))) -> Passed QC
A83: INV0082 | B83: Citywide Products | C83: Calculator | D83: 2 | E83: 650 | F83: 0.18 | G83: 1534 | H83: =D83*E83 -> 1300 | I83: =H83*F83 -> 234 | J83: =H83+I83 -> 1534 | K83: =G83-J83 -> 0 | L83: =IF(K83=0,"Verified","Discrepancy") -> Verified | M83: =IF(OR(A83="",B83="",C83="",D83<=0,E83<=0),"Review Required","Complete") -> Complete | N83: =IF(A83="","Missing Invoice ID",IF(COUNTIF($A$2:$A$151,A83)>1,"Duplicate","Unique")) -> Unique | O83: =IF(OR(A83="",N83="Missing Invoice ID"),"Missing Invoice ID",IF(N83="Duplicate","Duplicate - Investigate",IF(M83="Review Required","Incomplete - Review",IF(L83="Discrepancy","Amount Mismatch","Passed QC")))) -> Passed QC
A84: INV0083 | C84: Calculator | D84: 10 | E84: 650 | F84: 0.18 | G84: 7670 | H84: =D84*E84 -> 6500 | I84: =H84*F84 -> 1170 | J84: =H84+I84 -> 7670 | K84: =G84-J84 -> 0 | L84: =IF(K84=0,"Verified","Discrepancy") -> Verified | M84: =IF(OR(A84="",B84="",C84="",D84<=0,E84<=0),"Review Required","Complete") -> Review Required | N84: =IF(A84="","Missing Invoice ID",IF(COUNTIF($A$2:$A$151,A84)>1,"Duplicate","Unique")) -> Unique | O84: =IF(OR(A84="",N84="Missing Invoice ID"),"Missing Invoice ID",IF(N84="Duplicate","Duplicate - Investigate",IF(M84="Review Required","Incomplete - Review",IF(L84="Discrepancy","Amount Mismatch","Passed QC")))) -> Incomplete - Review
A85: INV0084 | B85: Citywide Products | C85: Printer Toner | D85: 10 | E85: 2200 | F85: 0.18 | G85: 25960 | H85: =D85*E85 -> 22000 | I85: =H85*F85 -> 3960 | J85: =H85+I85 -> 25960 | K85: =G85-J85 -> 0 | L85: =IF(K85=0,"Verified","Discrepancy") -> Verified | M85: =IF(OR(A85="",B85="",C85="",D85<=0,E85<=0),"Review Required","Complete") -> Complete | N85: =IF(A85="","Missing Invoice ID",IF(COUNTIF($A$2:$A$151,A85)>1,"Duplicate","Unique")) -> Unique | O85: =IF(OR(A85="",N85="Missing Invoice ID"),"Missing Invoice ID",IF(N85="Duplicate","Duplicate - Investigate",IF(M85="Review Required","Incomplete - Review",IF(L85="Discrepancy","Amount Mismatch","Passed QC")))) -> Passed QC
A86: INV0085 | B86: XYZ Supplies | C86: Pens | D86: 4 | E86: 10 | F86: 0.18 | G86: 47.2 | H86: =D86*E86 -> 40 | I86: =H86*F86 -> 7.2 | J86: =H86+I86 -> 47.2 | K86: =G86-J86 -> 0 | L86: =IF(K86=0,"Verified","Discrepancy") -> Verified | M86: =IF(OR(A86="",B86="",C86="",D86<=0,E86<=0),"Review Required","Complete") -> Complete | N86: =IF(A86="","Missing Invoice ID",IF(COUNTIF($A$2:$A$151,A86)>1,"Duplicate","Unique")) -> Unique | O86: =IF(OR(A86="",N86="Missing Invoice ID"),"Missing Invoice ID",IF(N86="Duplicate","Duplicate - Investigate",IF(M86="Review Required","Incomplete - Review",IF(L86="Discrepancy","Amount Mismatch","Passed QC")))) -> Passed QC
A87: INV0086 | B87: Evergreen Retail | C87: Filing Cabinet | D87: 38 | E87: 7200 | F87: 0.18 | G87: 322848 | H87: =D87*E87 -> 273600 | I87: =H87*F87 -> 49248 | J87: =H87+I87 -> 322848 | K87: =G87-J87 -> 0 | L87: =IF(K87=0,"Verified","Discrepancy") -> Verified | M87: =IF(OR(A87="",B87="",C87="",D87<=0,E87<=0),"Review Required","Complete") -> Complete | N87: =IF(A87="","Missing Invoice ID",IF(COUNTIF($A$2:$A$151,A87)>1,"Duplicate","Unique")) -> Unique | O87: =IF(OR(A87="",N87="Missing Invoice ID"),"Missing Invoice ID",IF(N87="Duplicate","Duplicate - Investigate",IF(M87="Review Required","Incomplete - Review",IF(L87="Discrepancy","Amount Mismatch","Passed QC")))) -> Passed QC
A88: INV0087 | B88: Citywide Products | C88: Filing Cabinet | D88: 7 | E88: 7200 | F88: 0.18 | G88: 59472 | H88: =D88*E88 -> 50400 | I88: =H88*F88 -> 9072 | J88: =H88+I88 -> 59472 | K88: =G88-J88 -> 0 | L88: =IF(K88=0,"Verified","Discrepancy") -> Verified | M88: =IF(OR(A88="",B88="",C88="",D88<=0,E88<=0),"Review Required","Complete") -> Complete | N88: =IF(A88="","Missing Invoice ID",IF(COUNTIF($A$2:$A$151,A88)>1,"Duplicate","Unique")) -> Unique | O88: =IF(OR(A88="",N88="Missing Invoice ID"),"Missing Invoice ID",IF(N88="Duplicate","Duplicate - Investigate",IF(M88="Review Required","Incomplete - Review",IF(L88="Discrepancy","Amount Mismatch","Passed QC")))) -> Passed QC
A89: INV0088 | B89: Metro Wholesale | C89: Folders | D89: 50 | E89: 35 | F89: 0.12 | G89: 2060 | H89: =D89*E89 -> 1750 | I89: =H89*F89 -> 210 | J89: =H89+I89 -> 1960 | K89: =G89-J89 -> 100 | L89: =IF(K89=0,"Verified","Discrepancy") -> Discrepancy | M89: =IF(OR(A89="",B89="",C89="",D89<=0,E89<=0),"Review Required","Complete") -> Complete | N89: =IF(A89="","Missing Invoice ID",IF(COUNTIF($A$2:$A$151,A89)>1,"Duplicate","Unique")) -> Unique | O89: =IF(OR(A89="",N89="Missing Invoice ID"),"Missing Invoice ID",IF(N89="Duplicate","Duplicate - Investigate",IF(M89="Review Required","Incomplete - Review",IF(L89="Discrepancy","Amount Mismatch","Passed QC")))) -> Amount Mismatch
A90: INV0089 | B90: ABC Traders | C90: Pens | D90: 20 | E90: 10 | F90: 0.18 | G90: 236 | H90: =D90*E90 -> 200 | I90: =H90*F90 -> 36 | J90: =H90+I90 -> 236 | K90: =G90-J90 -> 0 | L90: =IF(K90=0,"Verified","Discrepancy") -> Verified | M90: =IF(OR(A90="",B90="",C90="",D90<=0,E90<=0),"Review Required","Complete") -> Complete | N90: =IF(A90="","Missing Invoice ID",IF(COUNTIF($A$2:$A$151,A90)>1,"Duplicate","Unique")) -> Unique | O90: =IF(OR(A90="",N90="Missing Invoice ID"),"Missing Invoice ID",IF(N90="Duplicate","Duplicate - Investigate",IF(M90="Review Required","Incomplete - Review",IF(L90="Discrepancy","Amount Mismatch","Passed QC")))) -> Passed QC
A91: INV0090 | B91: Apex Business Solutions | C91: Notebooks | D91: 8 | E91: 40 | F91: 0.12 | G91: 358.4 | H91: =D91*E91 -> 320 | I91: =H91*F91 -> 38.4 | J91: =H91+I91 -> 358.4 | K91: =G91-J91 -> 0 | L91: =IF(K91=0,"Verified","Discrepancy") -> Verified | M91: =IF(OR(A91="",B91="",C91="",D91<=0,E91<=0),"Review Required","Complete") -> Complete | N91: =IF(A91="","Missing Invoice ID",IF(COUNTIF($A$2:$A$151,A91)>1,"Duplicate","Unique")) -> Unique | O91: =IF(OR(A91="",N91="Missing Invoice ID"),"Missing Invoice ID",IF(N91="Duplicate","Duplicate - Investigate",IF(M91="Review Required","Incomplete - Review",IF(L91="Discrepancy","Amount Mismatch","Passed QC")))) -> Passed QC
A92: INV0091 | B92: Metro Wholesale | C92: Staplers | D92: 17 | E92: 150 | F92: 0.12 | G92: 2856 | H92: =D92*E92 -> 2550 | I92: =H92*F92 -> 306 | J92: =H92+I92 -> 2856 | K92: =G92-J92 -> 0 | L92: =IF(K92=0,"Verified","Discrepancy") -> Verified | M92: =IF(OR(A92="",B92="",C92="",D92<=0,E92<=0),"Review Required","Complete") -> Complete | N92: =IF(A92="","Missing Invoice ID",IF(COUNTIF($A$2:$A$151,A92)>1,"Duplicate","Unique")) -> Unique | O92: =IF(OR(A92="",N92="Missing Invoice ID"),"Missing Invoice ID",IF(N92="Duplicate","Duplicate - Investigate",IF(M92="Review Required","Incomplete - Review",IF(L92="Discrepancy","Amount Mismatch","Passed QC")))) -> Passed QC
A93: INV0092 | B93: Prime Office | C93: Folders | D93: 43 | E93: 35 | F93: 0.12 | G93: 1685.6 | H93: =D93*E93 -> 1505 | I93: =H93*F93 -> 180.6 | J93: =H93+I93 -> 1685.6 | K93: =G93-J93 -> 0 | L93: =IF(K93=0,"Verified","Discrepancy") -> Verified | M93: =IF(OR(A93="",B93="",C93="",D93<=0,E93<=0),"Review Required","Complete") -> Complete | N93: =IF(A93="","Missing Invoice ID",IF(COUNTIF($A$2:$A$151,A93)>1,"Duplicate","Unique")) -> Unique | O93: =IF(OR(A93="",N93="Missing Invoice ID"),"Missing Invoice ID",IF(N93="Duplicate","Duplicate - Investigate",IF(M93="Review Required","Incomplete - Review",IF(L93="Discrepancy","Amount Mismatch","Passed QC")))) -> Passed QC
A94: INV0093 | B94: Apex Business Solutions | C94: Folders | D94: 11 | E94: 35 | F94: 0.12 | G94: 431.2 | H94: =D94*E94 -> 385 | I94: =H94*F94 -> 46.2 | J94: =H94+I94 -> 431.2 | K94: =G94-J94 -> 0 | L94: =IF(K94=0,"Verified","Discrepancy") -> Verified | M94: =IF(OR(A94="",B94="",C94="",D94<=0,E94<=0),"Review Required","Complete") -> Complete | N94: =IF(A94="","Missing Invoice ID",IF(COUNTIF($A$2:$A$151,A94)>1,"Duplicate","Unique")) -> Unique | O94: =IF(OR(A94="",N94="Missing Invoice ID"),"Missing Invoice ID",IF(N94="Duplicate","Duplicate - Investigate",IF(M94="Review Required","Incomplete - Review",IF(L94="Discrepancy","Amount Mismatch","Passed QC")))) -> Passed QC
A95: INV0094 | B95: Brightline Distributors | C95: Notebooks | D95: 17 | E95: 40 | F95: 0.12 | G95: 761.6 | H95: =D95*E95 -> 680 | I95: =H95*F95 -> 81.6 | J95: =H95+I95 -> 761.6 | K95: =G95-J95 -> 0 | L95: =IF(K95=0,"Verified","Discrepancy") -> Verified | M95: =IF(OR(A95="",B95="",C95="",D95<=0,E95<=0),"Review Required","Complete") -> Complete | N95: =IF(A95="","Missing Invoice ID",IF(COUNTIF($A$2:$A$151,A95)>1,"Duplicate","Unique")) -> Unique | O95: =IF(OR(A95="",N95="Missing Invoice ID"),"Missing Invoice ID",IF(N95="Duplicate","Duplicate - Investigate",IF(M95="Review Required","Incomplete - Review",IF(L95="Discrepancy","Amount Mismatch","Passed QC")))) -> Passed QC
A96: INV0095 | B96: Metro Wholesale | C96: Folders | D96: 17 | E96: 35 | F96: 0.12 | G96: 666.4 | H96: =D96*E96 -> 595 | I96: =H96*F96 -> 71.4 | J96: =H96+I96 -> 666.4 | K96: =G96-J96 -> 0 | L96: =IF(K96=0,"Verified","Discrepancy") -> Verified | M96: =IF(OR(A96="",B96="",C96="",D96<=0,E96<=0),"Review Required","Complete") -> Complete | N96: =IF(A96="","Missing Invoice ID",IF(COUNTIF($A$2:$A$151,A96)>1,"Duplicate","Unique")) -> Unique | O96: =IF(OR(A96="",N96="Missing Invoice ID"),"Missing Invoice ID",IF(N96="Duplicate","Duplicate - Investigate",IF(M96="Review Required","Incomplete - Review",IF(L96="Discrepancy","Amount Mismatch","Passed QC")))) -> Passed QC
... A112: INV0111 | B112: Northstar Supplies | C112: Keyboards | D112: 33 | E112: 800 | F112: 0.18 | G112: 31152 | H112: =D112*E112 -> 26400 | I112: =H112*F112 -> 4752 | J112: =H112+I112 -> 31152 | K112: =G112-J112 -> 0 | L112: =IF(K112=0,"Verified","Discrepancy") -> Verified | M112: =IF(OR(A112="",B112="",C112="",D112<=0,E112<=0),"Review Required","Complete") -> Complete | N112: =IF(A112="","Missing Invoice ID",IF(COUNTIF($A$2:$A$151,A112)>1,"Duplicate","Unique")) -> Unique | O112: =IF(OR(A112="",N112="Missing Invoice ID"),"Missing Invoice ID",IF(N112="Duplicate","Duplicate - Investigate",IF(M112="Review Required","Incomplete - Review",IF(L112="Discrepancy","Amount Mismatch","Passed QC")))) -> Passed QC
A113: INV0112 | B113: Northstar Supplies | D113: 48 | E113: 10 | F113: 0.18 | G113: 566.4 | H113: =D113*E113 -> 480 | I113: =H113*F113 -> 86.4 | J113: =H113+I113 -> 566.4 | K113: =G113-J113 -> 0 | L113: =IF(K113=0,"Verified","Discrepancy") -> Verified | M113: =IF(OR(A113="",B113="",C113="",D113<=0,E113<=0),"Review Required","Complete") -> Review Required | N113: =IF(A113="","Missing Invoice ID",IF(COUNTIF($A$2:$A$151,A113)>1,"Duplicate","Unique")) -> Unique | O113: =IF(OR(A113="",N113="Missing Invoice ID"),"Missing Invoice ID",IF(N113="Duplicate","Duplicate - Investigate",IF(M113="Review Required","Incomplete - Review",IF(L113="Discrepancy","Amount Mismatch","Passed QC")))) -> Incomplete - Review
A114: INV0113 | B114: Prime Office | C114: Desk Lamp | D114: 46 | E114: 900 | F114: 0.18 | G114: 48852 | H114: =D114*E114 -> 41400 | I114: =H114*F114 -> 7452 | J114: =H114+I114 -> 48852 | K114: =G114-J114 -> 0 | L114: =IF(K114=0,"Verified","Discrepancy") -> Verified | M114: =IF(OR(A114="",B114="",C114="",D114<=0,E114<=0),"Review Required","Complete") -> Complete | N114: =IF(A114="","Missing Invoice ID",IF(COUNTIF($A$2:$A$151,A114)>1,"Duplicate","Unique")) -> Unique | O114: =IF(OR(A114="",N114="Missing Invoice ID"),"Missing Invoice ID",IF(N114="Duplicate","Duplicate - Investigate",IF(M114="Review Required","Incomplete - Review",IF(L114="Discrepancy","Amount Mismatch","Passed QC")))) -> Passed QC
A115: INV0114 | B115: Evergreen Retail | C115: Desk | D115: 25 | E115: 5000 | F115: 0.18 | G115: 147500 | H115: =D115*E115 -> 125000 | I115: =H115*F115 -> 22500 | J115: =H115+I115 -> 147500 | K115: =G115-J115 -> 0 | L115: =IF(K115=0,"Verified","Discrepancy") -> Verified | M115: =IF(OR(A115="",B115="",C115="",D115<=0,E115<=0),"Review Required","Complete") -> Complete | N115: =IF(A115="","Missing Invoice ID",IF(COUNTIF($A$2:$A$151,A115)>1,"Duplicate","Unique")) -> Unique | O115: =IF(OR(A115="",N115="Missing Invoice ID"),"Missing Invoice ID",IF(N115="Duplicate","Duplicate - Investigate",IF(M115="Review Required","Incomplete - Review",IF(L115="Discrepancy","Amount Mismatch","Passed QC")))) -> Passed QC
A116: INV0115 | B116: Global Tech | C116: Filing Cabinet | D116: 20 | E116: 7200 | F116: 0.18 | G116: 169920 | H116: =D116*E116 -> 144000 | I116: =H116*F116 -> 25920 | J116: =H116+I116 -> 169920 | K116: =G116-J116 -> 0 | L116: =IF(K116=0,"Verified","Discrepancy") -> Verified | M116: =IF(OR(A116="",B116="",C116="",D116<=0,E116<=0),"Review Required","Complete") -> Complete | N116: =IF(A116="","Missing Invoice ID",IF(COUNTIF($A$2:$A$151,A116)>1,"Duplicate","Unique")) -> Unique | O116: =IF(OR(A116="",N116="Missing Invoice ID"),"Missing Invoice ID",IF(N116="Duplicate","Duplicate - Investigate",IF(M116="Review Required","Incomplete - Review",IF(L116="Discrepancy","Amount Mismatch","Passed QC")))) -> Passed QC
A117: INV0116 | B117: Northstar Supplies | C117: Keyboards | D117: 50 | E117: 800 | F117: 0.18 | G117: 47200 | H117: =D117*E117 -> 40000 | I117: =H117*F117 -> 7200 | J117: =H117+I117 -> 47200 | K117: =G117-J117 -> 0 | L117: =IF(K117=0,"Verified","Discrepancy") -> Verified | M117: =IF(OR(A117="",B117="",C117="",D117<=0,E117<=0),"Review Required","Complete") -> Complete | N117: =IF(A117="","Missing Invoice ID",IF(COUNTIF($A$2:$A$151,A117)>1,"Duplicate","Unique")) -> Unique | O117: =IF(OR(A117="",N117="Missing Invoice ID"),"Missing Invoice ID",IF(N117="Duplicate","Duplicate - Investigate",IF(M117="Review Required","Incomplete - Review",IF(L117="Discrepancy","Amount Mismatch","Passed QC")))) -> Passed QC
A118: INV0117 | C118: Calculator | D118: 44 | E118: 650 | F118: 0.18 | G118: 33748 | H118: =D118*E118 -> 28600 | I118: =H118*F118 -> 5148 | J118: =H118+I118 -> 33748 | K118: =G118-J118 -> 0 | L118: =IF(K118=0,"Verified","Discrepancy") -> Verified | M118: =IF(OR(A118="",B118="",C118="",D118<=0,E118<=0),"Review Required","Complete") -> Review Required | N118: =IF(A118="","Missing Invoice ID",IF(COUNTIF($A$2:$A$151,A118)>1,"Duplicate","Unique")) -> Unique | O118: =IF(OR(A118="",N118="Missing Invoice ID"),"Missing Invoice ID",IF(N118="Duplicate","Duplicate - Investigate",IF(M118="Review Required","Incomplete - Review",IF(L118="Discrepancy","Amount Mismatch","Passed QC")))) -> Incomplete - Review
A119: INV0118 | B119: Evergreen Retail | C119: Staplers | D119: 16 | E119: 150 | F119: 0.12 | G119: 2688 | H119: =D119*E119 -> 2400 | I119: =H119*F119 -> 288 | J119: =H119+I119 -> 2688 | K119: =G119-J119 -> 0 | L119: =IF(K119=0,"Verified","Discrepancy") -> Verified | M119: =IF(OR(A119="",B119="",C119="",D119<=0,E119<=0),"Review Required","Complete") -> Complete | N119: =IF(A119="","Missing Invoice ID",IF(COUNTIF($A$2:$A$151,A119)>1,"Duplicate","Unique")) -> Unique | O119: =IF(OR(A119="",N119="Missing Invoice ID"),"Missing Invoice ID",IF(N119="Duplicate","Duplicate - Investigate",IF(M119="Review Required","Incomplete - Review",IF(L119="Discrepancy","Amount Mismatch","Passed QC")))) -> Passed QC
A120: INV0119 | B120: Northstar Supplies | C120: Calculator | D120: 4 | E120: 650 | F120: 0.18 | G120: 3118 | H120: =D120*E120 -> 2600 | I120: =H120*F120 -> 468 | J120: =H120+I120 -> 3068 | K120: =G120-J120 -> 50 | L120: =IF(K120=0,"Verified","Discrepancy") -> Discrepancy | M120: =IF(OR(A120="",B120="",C120="",D120<=0,E120<=0),"Review Required","Complete") -> Complete | N120: =IF(A120="","Missing Invoice ID",IF(COUNTIF($A$2:$A$151,A120)>1,"Duplicate","Unique")) -> Unique | O120: =IF(OR(A120="",N120="Missing Invoice ID"),"Missing Invoice ID",IF(N120="Duplicate","Duplicate - Investigate",IF(M120="Review Required","Incomplete - Review",IF(L120="Discrepancy","Amount Mismatch","Passed QC")))) -> Amount Mismatch
A121: INV0120 | B121: Apex Business Solutions | C121: Pens | D121: 47 | E121: 10 | F121: 0.18 | G121: 554.6 | H121: =D121*E121 -> 470 | I121: =H121*F121 -> 84.6 | J121: =H121+I121 -> 554.6 | K121: =G121-J121 -> 0 | L121: =IF(K121=0,"Verified","Discrepancy") -> Verified | M121: =IF(OR(A121="",B121="",C121="",D121<=0,E121<=0),"Review Required","Complete") -> Complete | N121: =IF(A121="","Missing Invoice ID",IF(COUNTIF($A$2:$A$151,A121)>1,"Duplicate","Unique")) -> Unique | O121: =IF(OR(A121="",N121="Missing Invoice ID"),"Missing Invoice ID",IF(N121="Duplicate","Duplicate - Investigate",IF(M121="Review Required","Incomplete - Review",IF(L121="Discrepancy","Amount Mismatch","Passed QC")))) -> Passed QC
A122: INV0121 | B122: ABC Traders | C122: Printer Toner | D122: 20 | E122: 2200 | F122: 0.18 | G122: 51920 | H122: =D122*E122 -> 44000 | I122: =H122*F122 -> 7920 | J122: =H122+I122 -> 51920 | K122: =G122-J122 -> 0 | L122: =IF(K122=0,"Verified","Discrepancy") -> Verified | M122: =IF(OR(A122="",B122="",C122="",D122<=0,E122<=0),"Review Required","Complete") -> Complete | N122: =IF(A122="","Missing Invoice ID",IF(COUNTIF($A$2:$A$151,A122)>1,"Duplicate","Unique")) -> Unique | O122: =IF(OR(A122="",N122="Missing Invoice ID"),"Missing Invoice ID",IF(N122="Duplicate","Duplicate - Investigate",IF(M122="Review Required","Incomplete - Review",IF(L122="Discrepancy","Amount Mismatch","Passed QC")))) -> Passed QC
A123: INV0122 | B123: Evergreen Retail | C123: USB Drive | D123: 41 | E123: 450 | F123: 0.18 | G123: 21771 | H123: =D123*E123 -> 18450 | I123: =H123*F123 -> 3321 | J123: =H123+I123 -> 21771 | K123: =G123-J123 -> 0 | L123: =IF(K123=0,"Verified","Discrepancy") -> Verified | M123: =IF(OR(A123="",B123="",C123="",D123<=0,E123<=0),"Review Required","Complete") -> Complete | N123: =IF(A123="","Missing Invoice ID",IF(COUNTIF($A$2:$A$151,A123)>1,"Duplicate","Unique")) -> Unique | O123: =IF(OR(A123="",N123="Missing Invoice ID"),"Missing Invoice ID",IF(N123="Duplicate","Duplicate - Investigate",IF(M123="Review Required","Incomplete - Review",IF(L123="Discrepancy","Amount Mismatch","Passed QC")))) -> Passed QC
A124: INV0123 | B124: Metro Wholesale | C124: Keyboards | D124: 25 | E124: 800 | F124: 0.18 | G124: 23600 | H124: =D124*E124 -> 20000 | I124: =H124*F124 -> 3600 | J124: =H124+I124 -> 23600 | K124: =G124-J124 -> 0 | L124: =IF(K124=0,"Verified","Discrepancy") -> Verified | M124: =IF(OR(A124="",B124="",C124="",D124<=0,E124<=0),"Review Required","Complete") -> Complete | N124: =IF(A124="","Missing Invoice ID",IF(COUNTIF($A$2:$A$151,A124)>1,"Duplicate","Unique")) -> Unique | O124: =IF(OR(A124="",N124="Missing Invoice ID"),"Missing Invoice ID",IF(N124="Duplicate","Duplicate - Investigate",IF(M124="Review Required","Incomplete - Review",IF(L124="Discrepancy","Amount Mismatch","Passed QC")))) -> Passed QC
A125: INV0124 | B125: Evergreen Retail | C125: Mouse | D125: 10 | E125: 500 | F125: 0.18 | G125: 5900 | H125: =D125*E125 -> 5000 | I125: =H125*F125 -> 900 | J125: =H125+I125 -> 5900 | K125: =G125-J125 -> 0 | L125: =IF(K125=0,"Verified","Discrepancy") -> Verified | M125: =IF(OR(A125="",B125="",C125="",D125<=0,E125<=0),"Review Required","Complete") -> Complete | N125: =IF(A125="","Missing Invoice ID",IF(COUNTIF($A$2:$A$151,A125)>1,"Duplicate","Unique")) -> Unique | O125: =IF(OR(A125="",N125="Missing Invoice ID"),"Missing Invoice ID",IF(N125="Duplicate","Duplicate - Investigate",IF(M125="Review Required","Incomplete - Review",IF(L125="Discrepancy","Amount Mismatch","Passed QC")))) -> Passed QC
A126: INV0125 | B126: Evergreen Retail | C126: Printer Paper | D126: 26 | E126: 300 | F126: 0.18 | G126: 9204 | H126: =D126*E126 -> 7800 | I126: =H126*F126 -> 1404 | J126: =H126+I126 -> 9204 | K126: =G126-J126 -> 0 | L126: =IF(K126=0,"Verified","Discrepancy") -> Verified | M126: =IF(OR(A126="",B126="",C126="",D126<=0,E126<=0),"Review Required","Complete") -> Complete | N126: =IF(A126="","Missing Invoice ID",IF(COUNTIF($A$2:$A$151,A126)>1,"Duplicate","Unique")) -> Unique | O126: =IF(OR(A126="",N126="Missing Invoice ID"),"Missing Invoice ID",IF(N126="Duplicate","Duplicate - Investigate",IF(M126="Review Required","Incomplete - Review",IF(L126="Discrepancy","Amount Mismatch","Passed QC")))) -> Passed QC
A127: INV0126 | B127: XYZ Supplies | C127: Filing Cabinet | D127: 50 | E127: 7200 | F127: 0.18 | G127: 424800 | H127: =D127*E127 -> 360000 | I127: =H127*F127 -> 64800 | J127: =H127+I127 -> 424800 | K127: =G127-J127 -> 0 | L127: =IF(K127=0,"Verified","Discrepancy") -> Verified | M127: =IF(OR(A127="",B127="",C127="",D127<=0,E127<=0),"Review Required","Complete") -> Complete | N127: =IF(A127="","Missing Invoice ID",IF(COUNTIF($A$2:$A$151,A127)>1,"Duplicate","Unique")) -> Unique | O127: =IF(OR(A127="",N127="Missing Invoice ID"),"Missing Invoice ID",IF(N127="Duplicate","Duplicate - Investigate",IF(M127="Review Required","Incomplete - Review",IF(L127="Discrepancy","Amount Mismatch","Passed QC")))) -> Passed QC
A128: INV0127 | B128: Evergreen Retail | C128: Pens | D128: 36 | E128: 10 | F128: 0.18 | G128: 424.8 | H128: =D128*E128 -> 360 | I128: =H128*F128 -> 64.8 | J128: =H128+I128 -> 424.8 | K128: =G128-J128 -> 0 | L128: =IF(K128=0,"Verified","Discrepancy") -> Verified | M128: =IF(OR(A128="",B128="",C128="",D128<=0,E128<=0),"Review Required","Complete") -> Complete | N128: =IF(A128="","Missing Invoice ID",IF(COUNTIF($A$2:$A$151,A128)>1,"Duplicate","Unique")) -> Unique | O128: =IF(OR(A128="",N128="Missing Invoice ID"),"Missing Invoice ID",IF(N128="Duplicate","Duplicate - Investigate",IF(M128="Review Required","Incomplete - Review",IF(L128="Discrepancy","Amount Mismatch","Passed QC")))) -> Passed QC
A129: INV0128 | B129: ABC Traders | C129: Whiteboard | D129: 19 | E129: 1800 | F129: 0.18 | G129: 40356 | H129: =D129*E129 -> 34200 | I129: =H129*F129 -> 6156 | J129: =H129+I129 -> 40356 | K129: =G129-J129 -> 0 | L129: =IF(K129=0,"Verified","Discrepancy") -> Verified | M129: =IF(OR(A129="",B129="",C129="",D129<=0,E129<=0),"Review Required","Complete") -> Complete | N129: =IF(A129="","Missing Invoice ID",IF(COUNTIF($A$2:$A$151,A129)>1,"Duplicate","Unique")) -> Unique | O129: =IF(OR(A129="",N129="Missing Invoice ID"),"Missing Invoice ID",IF(N129="Duplicate","Duplicate - Investigate",IF(M129="Review Required","Incomplete - Review",IF(L129="Discrepancy","Amount Mismatch","Passed QC")))) -> Passed QC
A130: INV0129 | B130: Brightline Distributors | C130: Folders | D130: 12 | E130: 35 | F130: 0.12 | G130: 470.4 | H130: =D130*E130 -> 420 | I130: =H130*F130 -> 50.4 | J130: =H130+I130 -> 470.4 | K130: =G130-J130 -> 0 | L130: =IF(K130=0,"Verified","Discrepancy") -> Verified | M130: =IF(OR(A130="",B130="",C130="",D130<=0,E130<=0),"Review Required","Complete") -> Complete | N130: =IF(A130="","Missing Invoice ID",IF(COUNTIF($A$2:$A$151,A130)>1,"Duplicate","Unique")) -> Unique | O130: =IF(OR(A130="",N130="Missing Invoice ID"),"Missing Invoice ID",IF(N130="Duplicate","Duplicate - Investigate",IF(M130="Review Required","Incomplete - Review",IF(L130="Discrepancy","Amount Mismatch","Passed QC")))) -> Passed QC
... A151: INV0150 | B151: ABC Traders | C151: Keyboards | D151: 19 | E151: 800 | F151: 0.18 | G151: 17936 | H151: =D151*E151 -> 15200 | I151: =H151*F151 -> 2736 | J151: =H151+I151 -> 17936 | K151: =G151-J151 -> 0 | L151: =IF(K151=0,"Verified","Discrepancy") -> Verified | M151: =IF(OR(A151="",B151="",C151="",D151<=0,E151<=0),"Review Required","Complete") -> Complete | N151: =IF(A151="","Missing Invoice ID",IF(COUNTIF($A$2:$A$151,A151)>1,"Duplicate","Unique")) -> Unique | O151: =IF(OR(A151="",N151="Missing Invoice ID"),"Missing Invoice ID",IF(N151="Duplicate","Duplicate - Investigate",IF(M151="Review Required","Incomplete - Review",IF(L151="Discrepancy","Amount Mismatch","Passed QC")))) -> Passed QC

Sheet QC_summary
A1: INVOICE QUALITY SUMMARY
D2: Invoice Status | E2: Count | G2: Final QC Status | H2: Count
A3: Total Invoices | B3: =COUNTA(tbl_invoices!A2:A151) -> 148 | D3: Verified | E3: =COUNTIF(tbl_invoices!L2:L151,"Verified") -> 132 | G3: Passed QC | H3: =B14 -> 118
A4: Verified Invoices | B4: =COUNTIF(tbl_invoices!L2:L151,"Verified") -> 132 | D4: Discrepancy | E4: =COUNTIF(tbl_invoices!L2:L151,"Discrepancy") -> 18 | G4: Amount Mismatch | H4: =B15 -> 14
A5: Invoices with Discrepancies | B5: =COUNTIF(tbl_invoices!L2:L151,"Discrepancy") -> 18 | D5: Review Required | E5: =COUNTIF(tbl_invoices!M2:M151,"Review Required") -> 12 | G5: Incomplete - Review | H5: =B16 -> 10
A6: Records requiring Review | B6: =COUNTIF(tbl_invoices!M2:M151,"Review Required") -> 12 | G6: Duplicate - Investigate | H6: =B17 -> 6
A7: Complete Records | B7: =COUNTIF(tbl_invoices!M2:M151,"Complete") -> 138 | G7: Missing Invoice ID | H7: =B18 -> 2
A8: Verification Rate | B8: =IFERROR(B4/B3,0) -> 0.89189189
A9: Data completion rate | B9: =IFERROR(B7/B3,0) -> 0.93243243
A10: Duplicate Invoice Records | B10: =COUNTIF(tbl_invoices!N2:N151,"Duplicate") -> 6
A11: Missing Invoice IDs | B11: =COUNTIF(tbl_invoices!N2:N151,"Missing Invoice ID") -> 2
A13: FINAL QC SUMMARY
A14: Passed QC | B14: =COUNTIF(tbl_invoices!O2:O151,"Passed QC") -> 118
A15: Amount Mismatch | B15: =COUNTIF(tbl_invoices!O2:O151,"Amount Mismatch") -> 14
A16: Incomplete Review | B16: =COUNTIF(tbl_invoices!O2:O151,"Incomplete - Review") -> 10
A17: Duplicate-Investigate | B17: =COUNTIF(tbl_invoices!O2:O151,"Duplicate - Investigate") -> 6
A18: Missing Invoice ID | B18: =COUNTIF(tbl_invoices!O2:O151,"Missing Invoice ID") -> 2
A19: Final QC Pass Rate | B19: =IFERROR(B14/B3,0) -> 0.7972973

Sheet Invoice_dashboard
A1: Invoice Verification & Quality Dashboard
A3: TOTAL INVOICES | C3: VERIFIED INVOICES | E3: DISCREPANCIES | G3: RECORDS TO REVIEW
A4: =QC_summary!B3 -> 148 | C4: =QC_summary!B4 -> 132 | E4: =QC_summary!B5 -> 18 | G4: =QC_summary!B6 -> 12
A7: VERIFICATION RATE | C7: DATA COMPLETENESS RATE | E7: Final QC PassRate
A8: =QC_summary!B8 -> 0.89189189 | C8: =QC_summary!B9 -> 0.93243243 | E8: =QC_summary!B19 -> 0.7972973

Sheet Project_Overview
A1: Raw Invoice Dataset — 150 Rows
A2: Purpose | B2: Use this as the starting dataset for Project 1. Calculate all derived fields yourself in Excel.
A3: Raw fields only | B3: Invoice_ID, Vendor, Item_Description, Quantity, Unit_Price, Tax_Rate, Extracted_Total.
A4: No pre-calculations | B4: This workbook contains no Subtotal, Expected_Tax, Expected_Total, Difference, Verification_Status, or Data_Quality_Status formulas.
A5: Practice note | B5: Some records intentionally contain discrepancies or missing/invalid values. Identify these through your own formulas and checks.
A6: Data note | B6: All records are simulated for practice, not real invoices.
B10: PROJECT OVERVIEW
A11: Stage | B11: What you did | C11: Excel skills demonstrated
A12: 1. Data preparation | B12: Organized 150 invoice records into an Excel Table | C12: Tables, structured data
A13: 2. Calculations | B13: Calculated subtotal, expected tax and expected total | C13: Arithmetic formulas
A14: 3. Reconciliation | B14: Compared extracted totals with expected totals | C14: Difference calculations
A15: 4. Verification | B15: Classified invoices as verified or discrepant | C15: IF
A16: 5. Data quality | B16: Flagged missing fields and invalid quantities or prices | C16: IF, OR
A17: 6. Duplicate detection | B17: Flagged repeated invoice IDs | C17: COUNTIF
A18: 7. Final classification | B18: Assigned a final QC status to each record | C18: Nested IF, OR
A19: 8. Reporting | B19: Summarized the results and built charts | C19: COUNTIF, cell references, charts
